﻿Event Index,UTC Timestamp,UTC Date,Local Timestamp,Local Timezone,Local Date,Experiment ID,Experiment Version,Tree Node Key,Repeat Key,Schedule ID,Participant Public ID,Participant Private ID,Participant Starting Group,Participant Status,Participant Completion Code,Participant External Session ID,Participant Device Type,Participant Device,Participant OS,Participant Browser,Participant Monitor Size,Participant Viewport Size,Checkpoint,Task Name,Task Version,randomiser-mcsp,branch-ueq1,branch-rtul,Randomise questionnaire elements?,Question Key,Response
1,1650782563713,24/04/2022 06:42:43,1650782563543,-7,23/04/2022 23:42:43,85779,6,questionnaire-mfi8,,21465246,9gsobd0n,6347527,,complete,hcgzqj,,computer,Desktop or Laptop,Mac OS 10.15.7,Chrome 100.0.4896.127,1440x900,1440x624,,Quality Control Questions Ban,3,"YES=right arrow,",Passed,Passed,No,BEGIN QUESTIONNAIRE,
2,1650782576824,24/04/2022 06:42:56,1650782576696,-7,23/04/2022 23:42:56,85779,6,questionnaire-mfi8,,21465246,9gsobd0n,6347527,,complete,hcgzqj,,computer,Desktop or Laptop,Mac OS 10.15.7,Chrome 100.0.4896.127,1440x900,1440x624,,Quality Control Questions Ban,3,"YES=right arrow,",Passed,Passed,No,antonyms,অভিশাপ/সাহসী/শত্রু
3,1650782577059,24/04/2022 06:42:57,1650782576698,-7,23/04/2022 23:42:56,85779,6,questionnaire-mfi8,,21465246,9gsobd0n,6347527,,complete,hcgzqj,,computer,Desktop or Laptop,Mac OS 10.15.7,Chrome 100.0.4896.127,1440x900,1440x624,,Quality Control Questions Ban,3,"YES=right arrow,",Passed,Passed,No,antonyms-quantised,3
4,1650782577059,24/04/2022 06:42:57,1650782576698,-7,23/04/2022 23:42:56,85779,6,questionnaire-mfi8,,21465246,9gsobd0n,6347527,,complete,hcgzqj,,computer,Desktop or Laptop,Mac OS 10.15.7,Chrome 100.0.4896.127,1440x900,1440x624,,Quality Control Questions Ban,3,"YES=right arrow,",Passed,Passed,No,END QUESTIONNAIRE,13155
1,1650822778036,24/04/2022 17:52:58,1650822782691,5.5,24/04/2022 23:23:02,85779,6,questionnaire-mfi8,,21470690,hcsbnsg9,6349078,,complete,rfweun,,computer,Desktop or Laptop,Windows 10,Chrome 100.0.4896.127,1440x900,1440x789,,Quality Control Questions Ban,3,"YES=left arrow,",Passed,Passed,No,BEGIN QUESTIONNAIRE,
2,1650822786747,24/04/2022 17:53:06,1650822791441,5.5,24/04/2022 23:23:11,85779,6,questionnaire-mfi8,,21470690,hcsbnsg9,6349078,,complete,rfweun,,computer,Desktop or Laptop,Windows 10,Chrome 100.0.4896.127,1440x900,1440x789,,Quality Control Questions Ban,3,"YES=left arrow,",Passed,Passed,No,antonyms,অভিশাপ/সাহসী/শত্রু
3,1650822786974,24/04/2022 17:53:06,1650822791443,5.5,24/04/2022 23:23:11,85779,6,questionnaire-mfi8,,21470690,hcsbnsg9,6349078,,complete,rfweun,,computer,Desktop or Laptop,Windows 10,Chrome 100.0.4896.127,1440x900,1440x789,,Quality Control Questions Ban,3,"YES=left arrow,",Passed,Passed,No,antonyms-quantised,3
4,1650822786974,24/04/2022 17:53:06,1650822791443,5.5,24/04/2022 23:23:11,85779,6,questionnaire-mfi8,,21470690,hcsbnsg9,6349078,,complete,rfweun,,computer,Desktop or Laptop,Windows 10,Chrome 100.0.4896.127,1440x900,1440x789,,Quality Control Questions Ban,3,"YES=left arrow,",Passed,Passed,No,END QUESTIONNAIRE,8752
1,1651056627377,27/04/2022 10:50:27,1651056628125,5.5,27/04/2022 16:20:28,85779,6,questionnaire-mfi8,,21537551,ciqcf68n,6367322,,complete,knowyy,,computer,Desktop or Laptop,Windows 10,Chrome 100.0.4896.127,1366x768,1366x625,,Quality Control Questions Ban,3,"YES=left arrow,",Passed,Passed,No,BEGIN QUESTIONNAIRE,
2,1651056632424,27/04/2022 10:50:32,1651056633199,5.5,27/04/2022 16:20:33,85779,6,questionnaire-mfi8,,21537551,ciqcf68n,6367322,,complete,knowyy,,computer,Desktop or Laptop,Windows 10,Chrome 100.0.4896.127,1366x768,1366x625,,Quality Control Questions Ban,3,"YES=left arrow,",Passed,Passed,No,antonyms,অভিশাপ/সাহসী/শত্রু
3,1651056632668,27/04/2022 10:50:32,1651056633204,5.5,27/04/2022 16:20:33,85779,6,questionnaire-mfi8,,21537551,ciqcf68n,6367322,,complete,knowyy,,computer,Desktop or Laptop,Windows 10,Chrome 100.0.4896.127,1366x768,1366x625,,Quality Control Questions Ban,3,"YES=left arrow,",Passed,Passed,No,antonyms-quantised,3
4,1651056632668,27/04/2022 10:50:32,1651056633205,5.5,27/04/2022 16:20:33,85779,6,questionnaire-mfi8,,21537551,ciqcf68n,6367322,,complete,knowyy,,computer,Desktop or Laptop,Windows 10,Chrome 100.0.4896.127,1366x768,1366x625,,Quality Control Questions Ban,3,"YES=left arrow,",Passed,Passed,No,END QUESTIONNAIRE,5081
1,1651065298902,27/04/2022 13:14:58,1651065295270,5.5,27/04/2022 18:44:55,85779,6,questionnaire-mfi8,,21541801,5ej4ne8l,6368475,,complete,opkjjc,,computer,Desktop or Laptop,Windows 7,Firefox 99.0,1366x768,1366x643,,Quality Control Questions Ban,3,"YES=left arrow,",Passed,Passed,No,BEGIN QUESTIONNAIRE,
2,1651065308513,27/04/2022 13:15:08,1651065304972,5.5,27/04/2022 18:45:04,85779,6,questionnaire-mfi8,,21541801,5ej4ne8l,6368475,,complete,opkjjc,,computer,Desktop or Laptop,Windows 7,Firefox 99.0,1366x768,1366x643,,Quality Control Questions Ban,3,"YES=left arrow,",Passed,Passed,No,antonyms,অভিশাপ/সাহসী/শত্রু
3,1651065308810,27/04/2022 13:15:08,1651065304975,5.5,27/04/2022 18:45:04,85779,6,questionnaire-mfi8,,21541801,5ej4ne8l,6368475,,complete,opkjjc,,computer,Desktop or Laptop,Windows 7,Firefox 99.0,1366x768,1366x643,,Quality Control Questions Ban,3,"YES=left arrow,",Passed,Passed,No,antonyms-quantised,3
4,1651065308810,27/04/2022 13:15:08,1651065304975,5.5,27/04/2022 18:45:04,85779,6,questionnaire-mfi8,,21541801,5ej4ne8l,6368475,,complete,opkjjc,,computer,Desktop or Laptop,Windows 7,Firefox 99.0,1366x768,1366x643,,Quality Control Questions Ban,3,"YES=left arrow,",Passed,Passed,No,END QUESTIONNAIRE,9705
1,1651065718651,27/04/2022 13:21:58,1651065717834,5.5,27/04/2022 18:51:57,85779,6,questionnaire-mfi8,,21541980,fli32ulj,6368527,,complete,sczdkx,,computer,Desktop or Laptop,Windows 10,Chrome 100.0.4896.127,1600x900,1600x757,,Quality Control Questions Ban,3,"YES=left arrow,",Passed,Passed,No,BEGIN QUESTIONNAIRE,
2,1651065724640,27/04/2022 13:22:04,1651065723596,5.5,27/04/2022 18:52:03,85779,6,questionnaire-mfi8,,21541980,fli32ulj,6368527,,complete,sczdkx,,computer,Desktop or Laptop,Windows 10,Chrome 100.0.4896.127,1600x900,1600x757,,Quality Control Questions Ban,3,"YES=left arrow,",Passed,Passed,No,antonyms,অভিশাপ/সাহসী/শত্রু
3,1651065725444,27/04/2022 13:22:05,1651065723598,5.5,27/04/2022 18:52:03,85779,6,questionnaire-mfi8,,21541980,fli32ulj,6368527,,complete,sczdkx,,computer,Desktop or Laptop,Windows 10,Chrome 100.0.4896.127,1600x900,1600x757,,Quality Control Questions Ban,3,"YES=left arrow,",Passed,Passed,No,antonyms-quantised,3
4,1651065725444,27/04/2022 13:22:05,1651065723600,5.5,27/04/2022 18:52:03,85779,6,questionnaire-mfi8,,21541980,fli32ulj,6368527,,complete,sczdkx,,computer,Desktop or Laptop,Windows 10,Chrome 100.0.4896.127,1600x900,1600x757,,Quality Control Questions Ban,3,"YES=left arrow,",Passed,Passed,No,END QUESTIONNAIRE,5766
1,1651224476358,29/04/2022 09:27:56,1651224473201,5.5,29/04/2022 14:57:53,85779,6,questionnaire-mfi8,,21581032,mb7idu80,6379225,,complete,desxyh,,computer,Desktop or Laptop,Windows 10,Chrome 100.0.4896.127,1280x720,1280x601,,Quality Control Questions Ban,3,"YES=right arrow,",Passed,Passed,No,BEGIN QUESTIONNAIRE,
2,1651224491518,29/04/2022 09:28:11,1651224488360,5.5,29/04/2022 14:58:08,85779,6,questionnaire-mfi8,,21581032,mb7idu80,6379225,,complete,desxyh,,computer,Desktop or Laptop,Windows 10,Chrome 100.0.4896.127,1280x720,1280x601,,Quality Control Questions Ban,3,"YES=right arrow,",Passed,Passed,No,antonyms,অভিশাপ/সাহসী/শত্রু
3,1651224491730,29/04/2022 09:28:11,1651224488401,5.5,29/04/2022 14:58:08,85779,6,questionnaire-mfi8,,21581032,mb7idu80,6379225,,complete,desxyh,,computer,Desktop or Laptop,Windows 10,Chrome 100.0.4896.127,1280x720,1280x601,,Quality Control Questions Ban,3,"YES=right arrow,",Passed,Passed,No,antonyms-quantised,3
4,1651224491730,29/04/2022 09:28:11,1651224488401,5.5,29/04/2022 14:58:08,85779,6,questionnaire-mfi8,,21581032,mb7idu80,6379225,,complete,desxyh,,computer,Desktop or Laptop,Windows 10,Chrome 100.0.4896.127,1280x720,1280x601,,Quality Control Questions Ban,3,"YES=right arrow,",Passed,Passed,No,END QUESTIONNAIRE,15200
1,1651229465789,29/04/2022 10:51:05,1651229448009,5.5,29/04/2022 16:20:48,85779,6,questionnaire-mfi8,,21582380,jtadkwra,6379708,,complete,hdhhir,,computer,Desktop or Laptop,Windows 10,Chrome 100.0.4896.127,1366x768,1366x625,,Quality Control Questions Ban,3,"YES=right arrow,",Passed,Passed,No,BEGIN QUESTIONNAIRE,
2,1651229498100,29/04/2022 10:51:38,1651229480059,5.5,29/04/2022 16:21:20,85779,6,questionnaire-mfi8,,21582380,jtadkwra,6379708,,complete,hdhhir,,computer,Desktop or Laptop,Windows 10,Chrome 100.0.4896.127,1366x768,1366x625,,Quality Control Questions Ban,3,"YES=right arrow,",Passed,Passed,No,antonyms,অভিশাপ/সাহসী/শত্রু
3,1651229498634,29/04/2022 10:51:38,1651229480405,5.5,29/04/2022 16:21:20,85779,6,questionnaire-mfi8,,21582380,jtadkwra,6379708,,complete,hdhhir,,computer,Desktop or Laptop,Windows 10,Chrome 100.0.4896.127,1366x768,1366x625,,Quality Control Questions Ban,3,"YES=right arrow,",Passed,Passed,No,antonyms-quantised,3
4,1651229498634,29/04/2022 10:51:38,1651229480405,5.5,29/04/2022 16:21:20,85779,6,questionnaire-mfi8,,21582380,jtadkwra,6379708,,complete,hdhhir,,computer,Desktop or Laptop,Windows 10,Chrome 100.0.4896.127,1366x768,1366x625,,Quality Control Questions Ban,3,"YES=right arrow,",Passed,Passed,No,END QUESTIONNAIRE,32396
1,1651242497818,29/04/2022 14:28:17,1651242497870,5.5,29/04/2022 19:58:17,85779,6,questionnaire-mfi8,,21585935,g32u8hap,6380909,,complete,miqzxa,,computer,Desktop or Laptop,Windows 10,Chrome 100.0.4896.127,1366x768,1366x657,,Quality Control Questions Ban,3,"YES=left arrow,",Passed,Passed,No,BEGIN QUESTIONNAIRE,
2,1651242502277,29/04/2022 14:28:22,1651242502376,5.5,29/04/2022 19:58:22,85779,6,questionnaire-mfi8,,21585935,g32u8hap,6380909,,complete,miqzxa,,computer,Desktop or Laptop,Windows 10,Chrome 100.0.4896.127,1366x768,1366x657,,Quality Control Questions Ban,3,"YES=left arrow,",Passed,Passed,No,antonyms,অভিশাপ/সাহসী/শত্রু
3,1651242502528,29/04/2022 14:28:22,1651242502377,5.5,29/04/2022 19:58:22,85779,6,questionnaire-mfi8,,21585935,g32u8hap,6380909,,complete,miqzxa,,computer,Desktop or Laptop,Windows 10,Chrome 100.0.4896.127,1366x768,1366x657,,Quality Control Questions Ban,3,"YES=left arrow,",Passed,Passed,No,antonyms-quantised,3
4,1651242502528,29/04/2022 14:28:22,1651242502378,5.5,29/04/2022 19:58:22,85779,6,questionnaire-mfi8,,21585935,g32u8hap,6380909,,complete,miqzxa,,computer,Desktop or Laptop,Windows 10,Chrome 100.0.4896.127,1366x768,1366x657,,Quality Control Questions Ban,3,"YES=left arrow,",Passed,Passed,No,END QUESTIONNAIRE,4508
1,1651303765090,30/04/2022 07:29:25,1651303764843,5.5,30/04/2022 12:59:24,85779,6,questionnaire-mfi8,,21594100,kfm810wo,6383389,,complete,rpwxdn,,computer,Desktop or Laptop,Windows 10,Chrome 100.0.4896.127,1366x768,1366x649,,Quality Control Questions Ban,3,"YES=left arrow,",Passed,Passed,No,BEGIN QUESTIONNAIRE,
2,1651303783147,30/04/2022 07:29:43,1651303782916,5.5,30/04/2022 12:59:42,85779,6,questionnaire-mfi8,,21594100,kfm810wo,6383389,,complete,rpwxdn,,computer,Desktop or Laptop,Windows 10,Chrome 100.0.4896.127,1366x768,1366x649,,Quality Control Questions Ban,3,"YES=left arrow,",Passed,Passed,No,antonyms,অভিশাপ/সাহসী/শত্রু
3,1651303783359,30/04/2022 07:29:43,1651303782922,5.5,30/04/2022 12:59:42,85779,6,questionnaire-mfi8,,21594100,kfm810wo,6383389,,complete,rpwxdn,,computer,Desktop or Laptop,Windows 10,Chrome 100.0.4896.127,1366x768,1366x649,,Quality Control Questions Ban,3,"YES=left arrow,",Passed,Passed,No,antonyms-quantised,3
4,1651303783359,30/04/2022 07:29:43,1651303782922,5.5,30/04/2022 12:59:42,85779,6,questionnaire-mfi8,,21594100,kfm810wo,6383389,,complete,rpwxdn,,computer,Desktop or Laptop,Windows 10,Chrome 100.0.4896.127,1366x768,1366x649,,Quality Control Questions Ban,3,"YES=left arrow,",Passed,Passed,No,END QUESTIONNAIRE,18079
1,1651471501412,02/05/2022 06:05:01,1651471501225,5.5,02/05/2022 11:35:01,85779,6,questionnaire-mfi8,,21612397,duhn6k85,6389926,,complete,bpchhd,,computer,Desktop or Laptop,Windows 10,Chrome 100.0.4896.127,1366x768,1366x657,,Quality Control Questions Ban,3,"YES=right arrow,",Passed,Passed,No,BEGIN QUESTIONNAIRE,
2,1651471505231,02/05/2022 06:05:05,1651471505081,5.5,02/05/2022 11:35:05,85779,6,questionnaire-mfi8,,21612397,duhn6k85,6389926,,complete,bpchhd,,computer,Desktop or Laptop,Windows 10,Chrome 100.0.4896.127,1366x768,1366x657,,Quality Control Questions Ban,3,"YES=right arrow,",Passed,Passed,No,antonyms,অভিশাপ/সাহসী/শত্রু
3,1651471505563,02/05/2022 06:05:05,1651471505083,5.5,02/05/2022 11:35:05,85779,6,questionnaire-mfi8,,21612397,duhn6k85,6389926,,complete,bpchhd,,computer,Desktop or Laptop,Windows 10,Chrome 100.0.4896.127,1366x768,1366x657,,Quality Control Questions Ban,3,"YES=right arrow,",Passed,Passed,No,antonyms-quantised,3
4,1651471505563,02/05/2022 06:05:05,1651471505084,5.5,02/05/2022 11:35:05,85779,6,questionnaire-mfi8,,21612397,duhn6k85,6389926,,complete,bpchhd,,computer,Desktop or Laptop,Windows 10,Chrome 100.0.4896.127,1366x768,1366x657,,Quality Control Questions Ban,3,"YES=right arrow,",Passed,Passed,No,END QUESTIONNAIRE,3860
1,1651478368127,02/05/2022 07:59:28,1651478365889,5.5,02/05/2022 13:29:25,85779,6,questionnaire-mfi8,,21613151,s97gywdc,6390112,,complete,mkqyba,,computer,Desktop or Laptop,Mac OS 10.15.7,Safari 14.1.2,1440x900,1226x708,,Quality Control Questions Ban,3,"YES=right arrow,",Passed,Passed,No,BEGIN QUESTIONNAIRE,
2,1651478389762,02/05/2022 07:59:49,1651478387558,5.5,02/05/2022 13:29:47,85779,6,questionnaire-mfi8,,21613151,s97gywdc,6390112,,complete,mkqyba,,computer,Desktop or Laptop,Mac OS 10.15.7,Safari 14.1.2,1440x900,1226x708,,Quality Control Questions Ban,3,"YES=right arrow,",Passed,Passed,No,antonyms,অভিশাপ/সাহসী/শত্রু
3,1651478390006,02/05/2022 07:59:50,1651478387559,5.5,02/05/2022 13:29:47,85779,6,questionnaire-mfi8,,21613151,s97gywdc,6390112,,complete,mkqyba,,computer,Desktop or Laptop,Mac OS 10.15.7,Safari 14.1.2,1440x900,1226x708,,Quality Control Questions Ban,3,"YES=right arrow,",Passed,Passed,No,antonyms-quantised,3
4,1651478390006,02/05/2022 07:59:50,1651478387559,5.5,02/05/2022 13:29:47,85779,6,questionnaire-mfi8,,21613151,s97gywdc,6390112,,complete,mkqyba,,computer,Desktop or Laptop,Mac OS 10.15.7,Safari 14.1.2,1440x900,1226x708,,Quality Control Questions Ban,3,"YES=right arrow,",Passed,Passed,No,END QUESTIONNAIRE,21670
1,1651673288145,04/05/2022 14:08:08,1651673293343,5.5,04/05/2022 19:38:13,85779,6,questionnaire-mfi8,,21666906,3fqibna3,6406343,,complete,futrsz,,computer,Desktop or Laptop,Windows 7,Chrome 100.0.4896.127,1600x900,1600x789,,Quality Control Questions Ban,3,"YES=right arrow,",Passed,Passed,No,BEGIN QUESTIONNAIRE,
2,1651673312526,04/05/2022 14:08:32,1651673317763,5.5,04/05/2022 19:38:37,85779,6,questionnaire-mfi8,,21666906,3fqibna3,6406343,,complete,futrsz,,computer,Desktop or Laptop,Windows 7,Chrome 100.0.4896.127,1600x900,1600x789,,Quality Control Questions Ban,3,"YES=right arrow,",Passed,Passed,No,antonyms,অভিশাপ/সাহসী/শত্রু
3,1651673313460,04/05/2022 14:08:33,1651673317765,5.5,04/05/2022 19:38:37,85779,6,questionnaire-mfi8,,21666906,3fqibna3,6406343,,complete,futrsz,,computer,Desktop or Laptop,Windows 7,Chrome 100.0.4896.127,1600x900,1600x789,,Quality Control Questions Ban,3,"YES=right arrow,",Passed,Passed,No,antonyms-quantised,3
4,1651673313460,04/05/2022 14:08:33,1651673317765,5.5,04/05/2022 19:38:37,85779,6,questionnaire-mfi8,,21666906,3fqibna3,6406343,,complete,futrsz,,computer,Desktop or Laptop,Windows 7,Chrome 100.0.4896.127,1600x900,1600x789,,Quality Control Questions Ban,3,"YES=right arrow,",Passed,Passed,No,END QUESTIONNAIRE,24422
1,1651340077832,30/04/2022 17:34:37,1651340072907,5.5,30/04/2022 23:04:32,85779,6,questionnaire-mfi8,,21598734,dymkyl52,6384564,,complete,heolok,,computer,Desktop or Laptop,Windows 10,Chrome 100.0.4896.127,1366x768,1366x625,,Quality Control Questions Ban,3,"YES=left arrow,",Passed,Passed,No,BEGIN QUESTIONNAIRE,
2,1651340084535,30/04/2022 17:34:44,1651340079640,5.5,30/04/2022 23:04:39,85779,6,questionnaire-mfi8,,21598734,dymkyl52,6384564,,complete,heolok,,computer,Desktop or Laptop,Windows 10,Chrome 100.0.4896.127,1366x768,1366x625,,Quality Control Questions Ban,3,"YES=left arrow,",Passed,Passed,No,antonyms,অভিশাপ/সাহসী/শত্রু
3,1651340084755,30/04/2022 17:34:44,1651340079642,5.5,30/04/2022 23:04:39,85779,6,questionnaire-mfi8,,21598734,dymkyl52,6384564,,complete,heolok,,computer,Desktop or Laptop,Windows 10,Chrome 100.0.4896.127,1366x768,1366x625,,Quality Control Questions Ban,3,"YES=left arrow,",Passed,Passed,No,antonyms-quantised,3
4,1651340084755,30/04/2022 17:34:44,1651340079642,5.5,30/04/2022 23:04:39,85779,6,questionnaire-mfi8,,21598734,dymkyl52,6384564,,complete,heolok,,computer,Desktop or Laptop,Windows 10,Chrome 100.0.4896.127,1366x768,1366x625,,Quality Control Questions Ban,3,"YES=left arrow,",Passed,Passed,No,END QUESTIONNAIRE,6736
1,1651299031267,30/04/2022 06:10:31,1651299031329,5.5,30/04/2022 11:40:31,85779,6,questionnaire-mfi8,,21593824,y22eezuz,6383311,,complete,ukrjom,,computer,Desktop or Laptop,Windows 10,Chrome 100.0.4896.127,1366x768,1366x625,,Quality Control Questions Ban,3,"YES=left arrow,",Passed,Passed,No,BEGIN QUESTIONNAIRE,
2,1651299043119,30/04/2022 06:10:43,1651299042878,5.5,30/04/2022 11:40:42,85779,6,questionnaire-mfi8,,21593824,y22eezuz,6383311,,complete,ukrjom,,computer,Desktop or Laptop,Windows 10,Chrome 100.0.4896.127,1366x768,1366x625,,Quality Control Questions Ban,3,"YES=left arrow,",Passed,Passed,No,antonyms,অভিশাপ/সাহসী/শত্রু
3,1651299043347,30/04/2022 06:10:43,1651299042880,5.5,30/04/2022 11:40:42,85779,6,questionnaire-mfi8,,21593824,y22eezuz,6383311,,complete,ukrjom,,computer,Desktop or Laptop,Windows 10,Chrome 100.0.4896.127,1366x768,1366x625,,Quality Control Questions Ban,3,"YES=left arrow,",Passed,Passed,No,antonyms-quantised,3
4,1651299043347,30/04/2022 06:10:43,1651299042880,5.5,30/04/2022 11:40:42,85779,6,questionnaire-mfi8,,21593824,y22eezuz,6383311,,complete,ukrjom,,computer,Desktop or Laptop,Windows 10,Chrome 100.0.4896.127,1366x768,1366x625,,Quality Control Questions Ban,3,"YES=left arrow,",Passed,Passed,No,END QUESTIONNAIRE,11551
1,1651295910121,30/04/2022 05:18:30,1651295888117,5.5,30/04/2022 10:48:08,85779,6,questionnaire-mfi8,,21593693,geir2y8v,6383293,,complete,lgqwrq,,computer,Desktop or Laptop,Windows 10,Chrome 96.0.4664.110,1280x720,1280x577,,Quality Control Questions Ban,3,"YES=right arrow,",Passed,Passed,No,BEGIN QUESTIONNAIRE,
2,1651295933622,30/04/2022 05:18:53,1651295911654,5.5,30/04/2022 10:48:31,85779,6,questionnaire-mfi8,,21593693,geir2y8v,6383293,,complete,lgqwrq,,computer,Desktop or Laptop,Windows 10,Chrome 96.0.4664.110,1280x720,1280x577,,Quality Control Questions Ban,3,"YES=right arrow,",Passed,Passed,No,antonyms,অভিশাপ/সাহসী/শত্রু
3,1651295933876,30/04/2022 05:18:53,1651295911657,5.5,30/04/2022 10:48:31,85779,6,questionnaire-mfi8,,21593693,geir2y8v,6383293,,complete,lgqwrq,,computer,Desktop or Laptop,Windows 10,Chrome 96.0.4664.110,1280x720,1280x577,,Quality Control Questions Ban,3,"YES=right arrow,",Passed,Passed,No,antonyms-quantised,3
4,1651295933876,30/04/2022 05:18:53,1651295911657,5.5,30/04/2022 10:48:31,85779,6,questionnaire-mfi8,,21593693,geir2y8v,6383293,,complete,lgqwrq,,computer,Desktop or Laptop,Windows 10,Chrome 96.0.4664.110,1280x720,1280x577,,Quality Control Questions Ban,3,"YES=right arrow,",Passed,Passed,No,END QUESTIONNAIRE,23540
1,1651251230786,29/04/2022 16:53:50,1651251230971,5.5,29/04/2022 22:23:50,85779,6,questionnaire-mfi8,,21588306,ybga1xkq,6381813,,complete,dmtuub,,computer,Desktop or Laptop,Windows 10,Chrome 100.0.4896.127,1536x864,1536x714,,Quality Control Questions Ban,3,"YES=left arrow,",Passed,Passed,No,BEGIN QUESTIONNAIRE,
2,1651251256415,29/04/2022 16:54:16,1651251255789,5.5,29/04/2022 22:24:15,85779,6,questionnaire-mfi8,,21588306,ybga1xkq,6381813,,complete,dmtuub,,computer,Desktop or Laptop,Windows 10,Chrome 100.0.4896.127,1536x864,1536x714,,Quality Control Questions Ban,3,"YES=left arrow,",Passed,Passed,No,antonyms,অভিশাপ/সাহসী/শত্রু
3,1651251256633,29/04/2022 16:54:16,1651251255793,5.5,29/04/2022 22:24:15,85779,6,questionnaire-mfi8,,21588306,ybga1xkq,6381813,,complete,dmtuub,,computer,Desktop or Laptop,Windows 10,Chrome 100.0.4896.127,1536x864,1536x714,,Quality Control Questions Ban,3,"YES=left arrow,",Passed,Passed,No,antonyms-quantised,3
4,1651251256633,29/04/2022 16:54:16,1651251255793,5.5,29/04/2022 22:24:15,85779,6,questionnaire-mfi8,,21588306,ybga1xkq,6381813,,complete,dmtuub,,computer,Desktop or Laptop,Windows 10,Chrome 100.0.4896.127,1536x864,1536x714,,Quality Control Questions Ban,3,"YES=left arrow,",Passed,Passed,No,END QUESTIONNAIRE,24822
1,1651247040613,29/04/2022 15:44:00,1651247040834,5.5,29/04/2022 21:14:00,85779,6,questionnaire-mfi8,,21587359,w4veysa0,6381442,,complete,rjslqt,,computer,Desktop or Laptop,Windows 10,Chrome 100.0.4896.127,1280x720,1280x601,,Quality Control Questions Ban,3,"YES=right arrow,",Passed,Passed,No,BEGIN QUESTIONNAIRE,
2,1651247062958,29/04/2022 15:44:22,1651247063235,5.5,29/04/2022 21:14:23,85779,6,questionnaire-mfi8,,21587359,w4veysa0,6381442,,complete,rjslqt,,computer,Desktop or Laptop,Windows 10,Chrome 100.0.4896.127,1280x720,1280x601,,Quality Control Questions Ban,3,"YES=right arrow,",Passed,Passed,No,antonyms,অভিশাপ/সাহসী/শত্রু
3,1651247063211,29/04/2022 15:44:23,1651247063236,5.5,29/04/2022 21:14:23,85779,6,questionnaire-mfi8,,21587359,w4veysa0,6381442,,complete,rjslqt,,computer,Desktop or Laptop,Windows 10,Chrome 100.0.4896.127,1280x720,1280x601,,Quality Control Questions Ban,3,"YES=right arrow,",Passed,Passed,No,antonyms-quantised,3
4,1651247063211,29/04/2022 15:44:23,1651247063237,5.5,29/04/2022 21:14:23,85779,6,questionnaire-mfi8,,21587359,w4veysa0,6381442,,complete,rjslqt,,computer,Desktop or Laptop,Windows 10,Chrome 100.0.4896.127,1280x720,1280x601,,Quality Control Questions Ban,3,"YES=right arrow,",Passed,Passed,No,END QUESTIONNAIRE,22403
1,1651245602975,29/04/2022 15:20:02,1651245597199,5.5,29/04/2022 20:49:57,85779,6,questionnaire-mfi8,,21586978,mz8i7r41,6381286,,complete,gzmhxm,,computer,Desktop or Laptop,Windows 10,Chrome 100.0.4896.127,1280x720,1280x577,,Quality Control Questions Ban,3,"YES=right arrow,",Passed,Passed,No,BEGIN QUESTIONNAIRE,
2,1651245607772,29/04/2022 15:20:07,1651245602035,5.5,29/04/2022 20:50:02,85779,6,questionnaire-mfi8,,21586978,mz8i7r41,6381286,,complete,gzmhxm,,computer,Desktop or Laptop,Windows 10,Chrome 100.0.4896.127,1280x720,1280x577,,Quality Control Questions Ban,3,"YES=right arrow,",Passed,Passed,No,antonyms,অভিশাপ/সাহসী/শত্রু
3,1651245608079,29/04/2022 15:20:08,1651245602037,5.5,29/04/2022 20:50:02,85779,6,questionnaire-mfi8,,21586978,mz8i7r41,6381286,,complete,gzmhxm,,computer,Desktop or Laptop,Windows 10,Chrome 100.0.4896.127,1280x720,1280x577,,Quality Control Questions Ban,3,"YES=right arrow,",Passed,Passed,No,antonyms-quantised,3
4,1651245608079,29/04/2022 15:20:08,1651245602038,5.5,29/04/2022 20:50:02,85779,6,questionnaire-mfi8,,21586978,mz8i7r41,6381286,,complete,gzmhxm,,computer,Desktop or Laptop,Windows 10,Chrome 100.0.4896.127,1280x720,1280x577,,Quality Control Questions Ban,3,"YES=right arrow,",Passed,Passed,No,END QUESTIONNAIRE,4839
1,1651239263732,29/04/2022 13:34:23,1651239262035,5.5,29/04/2022 19:04:22,85779,6,questionnaire-mfi8,,21585064,xfv1p39q,6380640,,complete,rketnr,,computer,Desktop or Laptop,Windows 10,Chrome 100.0.4896.127,1536x864,1536x722,,Quality Control Questions Ban,3,"YES=left arrow,",Passed,Passed,No,BEGIN QUESTIONNAIRE,
2,1651239273191,29/04/2022 13:34:33,1651239271530,5.5,29/04/2022 19:04:31,85779,6,questionnaire-mfi8,,21585064,xfv1p39q,6380640,,complete,rketnr,,computer,Desktop or Laptop,Windows 10,Chrome 100.0.4896.127,1536x864,1536x722,,Quality Control Questions Ban,3,"YES=left arrow,",Passed,Passed,No,antonyms,অভিশাপ/সাহসী/শত্রু
3,1651239273395,29/04/2022 13:34:33,1651239271531,5.5,29/04/2022 19:04:31,85779,6,questionnaire-mfi8,,21585064,xfv1p39q,6380640,,complete,rketnr,,computer,Desktop or Laptop,Windows 10,Chrome 100.0.4896.127,1536x864,1536x722,,Quality Control Questions Ban,3,"YES=left arrow,",Passed,Passed,No,antonyms-quantised,3
4,1651239273395,29/04/2022 13:34:33,1651239271531,5.5,29/04/2022 19:04:31,85779,6,questionnaire-mfi8,,21585064,xfv1p39q,6380640,,complete,rketnr,,computer,Desktop or Laptop,Windows 10,Chrome 100.0.4896.127,1536x864,1536x722,,Quality Control Questions Ban,3,"YES=left arrow,",Passed,Passed,No,END QUESTIONNAIRE,9496
1,1651229667750,29/04/2022 10:54:27,1651229667364,5.5,29/04/2022 16:24:27,85779,6,questionnaire-mfi8,,21582469,4ayk2unx,6379730,,complete,utcwtx,,computer,Desktop or Laptop,Windows 7,Chrome 100.0.4896.127,1366x768,1366x657,,Quality Control Questions Ban,3,"YES=right arrow,",Passed,Passed,No,BEGIN QUESTIONNAIRE,
2,1651229680213,29/04/2022 10:54:40,1651229679534,5.5,29/04/2022 16:24:39,85779,6,questionnaire-mfi8,,21582469,4ayk2unx,6379730,,complete,utcwtx,,computer,Desktop or Laptop,Windows 7,Chrome 100.0.4896.127,1366x768,1366x657,,Quality Control Questions Ban,3,"YES=right arrow,",Passed,Passed,No,antonyms,অভিশাপ/সাহসী/শত্রু
3,1651229680455,29/04/2022 10:54:40,1651229679540,5.5,29/04/2022 16:24:39,85779,6,questionnaire-mfi8,,21582469,4ayk2unx,6379730,,complete,utcwtx,,computer,Desktop or Laptop,Windows 7,Chrome 100.0.4896.127,1366x768,1366x657,,Quality Control Questions Ban,3,"YES=right arrow,",Passed,Passed,No,antonyms-quantised,3
4,1651229680455,29/04/2022 10:54:40,1651229679540,5.5,29/04/2022 16:24:39,85779,6,questionnaire-mfi8,,21582469,4ayk2unx,6379730,,complete,utcwtx,,computer,Desktop or Laptop,Windows 7,Chrome 100.0.4896.127,1366x768,1366x657,,Quality Control Questions Ban,3,"YES=right arrow,",Passed,Passed,No,END QUESTIONNAIRE,12177
1,1651169023411,28/04/2022 18:03:43,1651169023490,5.5,28/04/2022 23:33:43,85779,6,questionnaire-mfi8,,21572794,vjlaqurv,6376871,,complete,bidlay,,computer,Desktop or Laptop,Windows 10,Chrome 100.0.4896.127,1536x864,1536x746,,Quality Control Questions Ban,3,"YES=left arrow,",Passed,Passed,No,BEGIN QUESTIONNAIRE,
2,1651169037030,28/04/2022 18:03:57,1651169036613,5.5,28/04/2022 23:33:56,85779,6,questionnaire-mfi8,,21572794,vjlaqurv,6376871,,complete,bidlay,,computer,Desktop or Laptop,Windows 10,Chrome 100.0.4896.127,1536x864,1536x746,,Quality Control Questions Ban,3,"YES=left arrow,",Passed,Passed,No,antonyms,অভিশাপ/সাহসী/শত্রু
3,1651169037356,28/04/2022 18:03:57,1651169036616,5.5,28/04/2022 23:33:56,85779,6,questionnaire-mfi8,,21572794,vjlaqurv,6376871,,complete,bidlay,,computer,Desktop or Laptop,Windows 10,Chrome 100.0.4896.127,1536x864,1536x746,,Quality Control Questions Ban,3,"YES=left arrow,",Passed,Passed,No,antonyms-quantised,3
4,1651169037356,28/04/2022 18:03:57,1651169036617,5.5,28/04/2022 23:33:56,85779,6,questionnaire-mfi8,,21572794,vjlaqurv,6376871,,complete,bidlay,,computer,Desktop or Laptop,Windows 10,Chrome 100.0.4896.127,1536x864,1536x746,,Quality Control Questions Ban,3,"YES=left arrow,",Passed,Passed,No,END QUESTIONNAIRE,13128
1,1651162020786,28/04/2022 16:07:00,1651162021327,5.5,28/04/2022 21:37:01,85779,6,questionnaire-mfi8,,21570822,9gwbl9xs,6376262,,complete,alnyuo,,computer,Desktop or Laptop,Windows 10,Chrome 100.0.4896.127,1188x668,1189x531,,Quality Control Questions Ban,3,"YES=left arrow,",Passed,Passed,No,BEGIN QUESTIONNAIRE,
2,1651162054332,28/04/2022 16:07:34,1651162054494,5.5,28/04/2022 21:37:34,85779,6,questionnaire-mfi8,,21570822,9gwbl9xs,6376262,,complete,alnyuo,,computer,Desktop or Laptop,Windows 10,Chrome 100.0.4896.127,1188x668,1189x531,,Quality Control Questions Ban,3,"YES=left arrow,",Passed,Passed,No,antonyms,অভিশাপ/সাহসী/শত্রু
3,1651162054561,28/04/2022 16:07:34,1651162054497,5.5,28/04/2022 21:37:34,85779,6,questionnaire-mfi8,,21570822,9gwbl9xs,6376262,,complete,alnyuo,,computer,Desktop or Laptop,Windows 10,Chrome 100.0.4896.127,1188x668,1189x531,,Quality Control Questions Ban,3,"YES=left arrow,",Passed,Passed,No,antonyms-quantised,3
4,1651162054561,28/04/2022 16:07:34,1651162054498,5.5,28/04/2022 21:37:34,85779,6,questionnaire-mfi8,,21570822,9gwbl9xs,6376262,,complete,alnyuo,,computer,Desktop or Laptop,Windows 10,Chrome 100.0.4896.127,1188x668,1189x531,,Quality Control Questions Ban,3,"YES=left arrow,",Passed,Passed,No,END QUESTIONNAIRE,33171
1,1650824491292,24/04/2022 18:21:31,1650824491980,5.5,24/04/2022 23:51:31,85779,6,questionnaire-mfi8,,21471260,29ul1k1i,6349170,,complete,dbfnqe,,computer,Desktop or Laptop,Windows 10,Chrome 100.0.4896.88,1366x768,1366x625,,Quality Control Questions Ban,3,"YES=right arrow,",Passed,Passed,No,BEGIN QUESTIONNAIRE,
2,1650824502746,24/04/2022 18:21:42,1650824503505,5.5,24/04/2022 23:51:43,85779,6,questionnaire-mfi8,,21471260,29ul1k1i,6349170,,complete,dbfnqe,,computer,Desktop or Laptop,Windows 10,Chrome 100.0.4896.88,1366x768,1366x625,,Quality Control Questions Ban,3,"YES=right arrow,",Passed,Passed,No,antonyms,অভিশাপ/সাহসী/শত্রু
3,1650824502986,24/04/2022 18:21:42,1650824503506,5.5,24/04/2022 23:51:43,85779,6,questionnaire-mfi8,,21471260,29ul1k1i,6349170,,complete,dbfnqe,,computer,Desktop or Laptop,Windows 10,Chrome 100.0.4896.88,1366x768,1366x625,,Quality Control Questions Ban,3,"YES=right arrow,",Passed,Passed,No,antonyms-quantised,3
4,1650824502986,24/04/2022 18:21:42,1650824503507,5.5,24/04/2022 23:51:43,85779,6,questionnaire-mfi8,,21471260,29ul1k1i,6349170,,complete,dbfnqe,,computer,Desktop or Laptop,Windows 10,Chrome 100.0.4896.88,1366x768,1366x625,,Quality Control Questions Ban,3,"YES=right arrow,",Passed,Passed,No,END QUESTIONNAIRE,11527
1,1650812943123,24/04/2022 15:09:03,1650812942650,5.5,24/04/2022 20:39:02,85779,6,questionnaire-mfi8,,21469078,zl7a6z8g,6348692,,complete,gouvcq,,computer,Desktop or Laptop,Windows 10,Chrome 95.0.4638.69,1536x864,1536x722,,Quality Control Questions Ban,3,"YES=left arrow,",Passed,Passed,No,BEGIN QUESTIONNAIRE,
2,1650812982752,24/04/2022 15:09:42,1650812982008,5.5,24/04/2022 20:39:42,85779,6,questionnaire-mfi8,,21469078,zl7a6z8g,6348692,,complete,gouvcq,,computer,Desktop or Laptop,Windows 10,Chrome 95.0.4638.69,1536x864,1536x722,,Quality Control Questions Ban,3,"YES=left arrow,",Passed,Passed,No,antonyms,অভিশাপ/সাহসী/শত্রু
3,1650812982952,24/04/2022 15:09:42,1650812982010,5.5,24/04/2022 20:39:42,85779,6,questionnaire-mfi8,,21469078,zl7a6z8g,6348692,,complete,gouvcq,,computer,Desktop or Laptop,Windows 10,Chrome 95.0.4638.69,1536x864,1536x722,,Quality Control Questions Ban,3,"YES=left arrow,",Passed,Passed,No,antonyms-quantised,3
4,1650812982952,24/04/2022 15:09:42,1650812982010,5.5,24/04/2022 20:39:42,85779,6,questionnaire-mfi8,,21469078,zl7a6z8g,6348692,,complete,gouvcq,,computer,Desktop or Laptop,Windows 10,Chrome 95.0.4638.69,1536x864,1536x722,,Quality Control Questions Ban,3,"YES=left arrow,",Passed,Passed,No,END QUESTIONNAIRE,39360
END OF FILE
