﻿Event Index,UTC Timestamp,UTC Date,Local Timestamp,Local Timezone,Local Date,Experiment ID,Experiment Version,Tree Node Key,Repeat Key,Schedule ID,Participant Public ID,Participant Private ID,Participant Starting Group,Participant Status,Participant Completion Code,Participant External Session ID,Participant Device Type,Participant Device,Participant OS,Participant Browser,Participant Monitor Size,Participant Viewport Size,Checkpoint,Task Name,Task Version,randomiser-mcsp,branch-ueq1,branch-rtul,Randomise questionnaire elements?,Question Key,Response
1,1650782531386,24/04/2022 06:42:11,1650782531215,-7,23/04/2022 23:42:11,85779,6,questionnaire-nvwz,,21465242,9gsobd0n,6347527,,complete,hcgzqj,,computer,Desktop or Laptop,Mac OS 10.15.7,Chrome 100.0.4896.127,1440x900,1440x624,,Consent form,3,"YES=right arrow,",Passed,Passed,No,BEGIN QUESTIONNAIRE,
2,1650782561297,24/04/2022 06:42:41,1650782561169,-7,23/04/2022 23:42:41,85779,6,questionnaire-nvwz,,21465242,9gsobd0n,6347527,,complete,hcgzqj,,computer,Desktop or Laptop,Mac OS 10.15.7,Chrome 100.0.4896.127,1440x900,1440x624,,Consent form,3,"YES=right arrow,",Passed,Passed,No,consent,1
3,1650782561484,24/04/2022 06:42:41,1650782561171,-7,23/04/2022 23:42:41,85779,6,questionnaire-nvwz,,21465242,9gsobd0n,6347527,,complete,hcgzqj,,computer,Desktop or Laptop,Mac OS 10.15.7,Chrome 100.0.4896.127,1440x900,1440x624,,Consent form,3,"YES=right arrow,",Passed,Passed,No,END QUESTIONNAIRE,29956
1,1650822698599,24/04/2022 17:51:38,1650822703277,5.5,24/04/2022 23:21:43,85779,6,questionnaire-nvwz,,21470670,hcsbnsg9,6349078,,complete,rfweun,,computer,Desktop or Laptop,Windows 10,Chrome 100.0.4896.127,1440x900,1440x789,,Consent form,3,"YES=left arrow,",Passed,Passed,No,BEGIN QUESTIONNAIRE,
2,1650822775547,24/04/2022 17:52:55,1650822780271,5.5,24/04/2022 23:23:00,85779,6,questionnaire-nvwz,,21470670,hcsbnsg9,6349078,,complete,rfweun,,computer,Desktop or Laptop,Windows 10,Chrome 100.0.4896.127,1440x900,1423x789,,Consent form,3,"YES=left arrow,",Passed,Passed,No,consent,1
3,1650822775788,24/04/2022 17:52:55,1650822780272,5.5,24/04/2022 23:23:00,85779,6,questionnaire-nvwz,,21470670,hcsbnsg9,6349078,,complete,rfweun,,computer,Desktop or Laptop,Windows 10,Chrome 100.0.4896.127,1440x900,1423x789,,Consent form,3,"YES=left arrow,",Passed,Passed,No,END QUESTIONNAIRE,76995
1,1650824472048,24/04/2022 18:21:12,1650824472736,5.5,24/04/2022 23:51:12,85779,6,questionnaire-nvwz,,21471251,29ul1k1i,6349170,,complete,dbfnqe,,computer,Desktop or Laptop,Windows 10,Chrome 100.0.4896.88,1366x768,1366x625,,Consent form,3,"YES=right arrow,",Passed,Passed,No,BEGIN QUESTIONNAIRE,
2,1650824488510,24/04/2022 18:21:28,1650824489258,5.5,24/04/2022 23:51:29,85779,6,questionnaire-nvwz,,21471251,29ul1k1i,6349170,,complete,dbfnqe,,computer,Desktop or Laptop,Windows 10,Chrome 100.0.4896.88,1366x768,1349x625,,Consent form,3,"YES=right arrow,",Passed,Passed,No,consent,1
3,1650824488748,24/04/2022 18:21:28,1650824489259,5.5,24/04/2022 23:51:29,85779,6,questionnaire-nvwz,,21471251,29ul1k1i,6349170,,complete,dbfnqe,,computer,Desktop or Laptop,Windows 10,Chrome 100.0.4896.88,1366x768,1349x625,,Consent form,3,"YES=right arrow,",Passed,Passed,No,END QUESTIONNAIRE,16523
1,1651065276217,27/04/2022 13:14:36,1651065272622,5.5,27/04/2022 18:44:32,85779,6,questionnaire-nvwz,,21541792,5ej4ne8l,6368475,,complete,opkjjc,,computer,Desktop or Laptop,Windows 7,Firefox 99.0,1366x768,1366x643,,Consent form,3,"YES=left arrow,",Passed,Passed,No,BEGIN QUESTIONNAIRE,
2,1651065295112,27/04/2022 13:14:55,1651065291562,5.5,27/04/2022 18:44:51,85779,6,questionnaire-nvwz,,21541792,5ej4ne8l,6368475,,complete,opkjjc,,computer,Desktop or Laptop,Windows 7,Firefox 99.0,1366x768,1349x643,,Consent form,3,"YES=left arrow,",Passed,Passed,No,consent,1
3,1651065295365,27/04/2022 13:14:55,1651065291566,5.5,27/04/2022 18:44:51,85779,6,questionnaire-nvwz,,21541792,5ej4ne8l,6368475,,complete,opkjjc,,computer,Desktop or Laptop,Windows 7,Firefox 99.0,1366x768,1349x643,,Consent form,3,"YES=left arrow,",Passed,Passed,No,END QUESTIONNAIRE,18944
1,1651224310809,29/04/2022 09:25:10,1651224307625,5.5,29/04/2022 14:55:07,85779,6,questionnaire-nvwz,,21580984,mb7idu80,6379225,,complete,desxyh,,computer,Desktop or Laptop,Windows 10,Chrome 100.0.4896.127,1280x720,1280x601,,Consent form,3,"YES=right arrow,",Passed,Passed,No,BEGIN QUESTIONNAIRE,
2,1651224471945,29/04/2022 09:27:51,1651224468317,5.5,29/04/2022 14:57:48,85779,6,questionnaire-nvwz,,21580984,mb7idu80,6379225,,complete,desxyh,,computer,Desktop or Laptop,Windows 10,Chrome 100.0.4896.127,1280x720,1263x601,,Consent form,3,"YES=right arrow,",Passed,Passed,No,consent,1
3,1651224472212,29/04/2022 09:27:52,1651224468319,5.5,29/04/2022 14:57:48,85779,6,questionnaire-nvwz,,21580984,mb7idu80,6379225,,complete,desxyh,,computer,Desktop or Laptop,Windows 10,Chrome 100.0.4896.127,1280x720,1263x601,,Consent form,3,"YES=right arrow,",Passed,Passed,No,END QUESTIONNAIRE,160694
1,1651229589116,29/04/2022 10:53:09,1651229588722,5.5,29/04/2022 16:23:08,85779,6,questionnaire-nvwz,,21582434,4ayk2unx,6379730,,complete,utcwtx,,computer,Desktop or Laptop,Windows 7,Chrome 100.0.4896.127,1366x768,1366x657,,Consent form,3,"YES=right arrow,",Passed,Passed,No,BEGIN QUESTIONNAIRE,
2,1651229662422,29/04/2022 10:54:22,1651229661720,5.5,29/04/2022 16:24:21,85779,6,questionnaire-nvwz,,21582434,4ayk2unx,6379730,,complete,utcwtx,,computer,Desktop or Laptop,Windows 7,Chrome 100.0.4896.127,1366x768,1349x657,,Consent form,3,"YES=right arrow,",Passed,Passed,No,consent,1
3,1651229662650,29/04/2022 10:54:22,1651229661726,5.5,29/04/2022 16:24:21,85779,6,questionnaire-nvwz,,21582434,4ayk2unx,6379730,,complete,utcwtx,,computer,Desktop or Laptop,Windows 7,Chrome 100.0.4896.127,1366x768,1349x657,,Consent form,3,"YES=right arrow,",Passed,Passed,No,END QUESTIONNAIRE,73003
1,1651295901444,30/04/2022 05:18:21,1651295879470,5.5,30/04/2022 10:47:59,85779,6,questionnaire-nvwz,,21593691,geir2y8v,6383293,,complete,lgqwrq,,computer,Desktop or Laptop,Windows 10,Chrome 96.0.4664.110,1280x720,1280x577,,Consent form,3,"YES=right arrow,",Passed,Passed,No,BEGIN QUESTIONNAIRE,
2,1651295906947,30/04/2022 05:18:26,1651295885028,5.5,30/04/2022 10:48:05,85779,6,questionnaire-nvwz,,21593691,geir2y8v,6383293,,complete,lgqwrq,,computer,Desktop or Laptop,Windows 10,Chrome 96.0.4664.110,1280x720,1263x577,,Consent form,3,"YES=right arrow,",Passed,Passed,No,consent,1
3,1651295907239,30/04/2022 05:18:27,1651295885030,5.5,30/04/2022 10:48:05,85779,6,questionnaire-nvwz,,21593691,geir2y8v,6383293,,complete,lgqwrq,,computer,Desktop or Laptop,Windows 10,Chrome 96.0.4664.110,1280x720,1263x577,,Consent form,3,"YES=right arrow,",Passed,Passed,No,END QUESTIONNAIRE,5560
1,1651303749976,30/04/2022 07:29:09,1651303749714,5.5,30/04/2022 12:59:09,85779,6,questionnaire-nvwz,,21594098,kfm810wo,6383389,,complete,rpwxdn,,computer,Desktop or Laptop,Windows 10,Chrome 100.0.4896.127,1366x768,1366x649,,Consent form,3,"YES=left arrow,",Passed,Passed,No,BEGIN QUESTIONNAIRE,
2,1651303762282,30/04/2022 07:29:22,1651303762086,5.5,30/04/2022 12:59:22,85779,6,questionnaire-nvwz,,21594098,kfm810wo,6383389,,complete,rpwxdn,,computer,Desktop or Laptop,Windows 10,Chrome 100.0.4896.127,1366x768,1349x649,,Consent form,3,"YES=left arrow,",Passed,Passed,No,consent,1
3,1651303762548,30/04/2022 07:29:22,1651303762089,5.5,30/04/2022 12:59:22,85779,6,questionnaire-nvwz,,21594098,kfm810wo,6383389,,complete,rpwxdn,,computer,Desktop or Laptop,Windows 10,Chrome 100.0.4896.127,1366x768,1349x649,,Consent form,3,"YES=left arrow,",Passed,Passed,No,END QUESTIONNAIRE,12375
1,1651340069151,30/04/2022 17:34:29,1651340064215,5.5,30/04/2022 23:04:24,85779,6,questionnaire-nvwz,,21598727,dymkyl52,6384564,,complete,heolok,,computer,Desktop or Laptop,Windows 10,Chrome 100.0.4896.127,1366x768,1366x625,,Consent form,3,"YES=left arrow,",Passed,Passed,No,BEGIN QUESTIONNAIRE,
2,1651340075006,30/04/2022 17:34:35,1651340070102,5.5,30/04/2022 23:04:30,85779,6,questionnaire-nvwz,,21598727,dymkyl52,6384564,,complete,heolok,,computer,Desktop or Laptop,Windows 10,Chrome 100.0.4896.127,1366x768,1349x625,,Consent form,3,"YES=left arrow,",Passed,Passed,No,consent,1
3,1651340075228,30/04/2022 17:34:35,1651340070104,5.5,30/04/2022 23:04:30,85779,6,questionnaire-nvwz,,21598727,dymkyl52,6384564,,complete,heolok,,computer,Desktop or Laptop,Windows 10,Chrome 100.0.4896.127,1366x768,1349x625,,Consent form,3,"YES=left arrow,",Passed,Passed,No,END QUESTIONNAIRE,5889
1,1651471488224,02/05/2022 06:04:48,1651471488067,5.5,02/05/2022 11:34:48,85779,6,questionnaire-nvwz,,21612395,duhn6k85,6389926,,complete,bpchhd,,computer,Desktop or Laptop,Windows 10,Chrome 100.0.4896.127,1366x768,1366x657,,Consent form,3,"YES=right arrow,",Passed,Passed,No,BEGIN QUESTIONNAIRE,
2,1651471497803,02/05/2022 06:04:57,1651471497688,5.5,02/05/2022 11:34:57,85779,6,questionnaire-nvwz,,21612395,duhn6k85,6389926,,complete,bpchhd,,computer,Desktop or Laptop,Windows 10,Chrome 100.0.4896.127,1366x768,1349x657,,Consent form,3,"YES=right arrow,",Passed,Passed,No,consent,1
3,1651471498138,02/05/2022 06:04:58,1651471497691,5.5,02/05/2022 11:34:57,85779,6,questionnaire-nvwz,,21612395,duhn6k85,6389926,,complete,bpchhd,,computer,Desktop or Laptop,Windows 10,Chrome 100.0.4896.127,1366x768,1349x657,,Consent form,3,"YES=right arrow,",Passed,Passed,No,END QUESTIONNAIRE,9624
1,1651478359610,02/05/2022 07:59:19,1651478357355,5.5,02/05/2022 13:29:17,85779,6,questionnaire-nvwz,,21613149,s97gywdc,6390112,,complete,mkqyba,,computer,Desktop or Laptop,Mac OS 10.15.7,Safari 14.1.2,1440x900,1226x708,,Consent form,3,"YES=right arrow,",Passed,Passed,No,BEGIN QUESTIONNAIRE,
2,1651478364675,02/05/2022 07:59:24,1651478362471,5.5,02/05/2022 13:29:22,85779,6,questionnaire-nvwz,,21613149,s97gywdc,6390112,,complete,mkqyba,,computer,Desktop or Laptop,Mac OS 10.15.7,Safari 14.1.2,1440x900,1226x708,,Consent form,3,"YES=right arrow,",Passed,Passed,No,consent,1
3,1651478365011,02/05/2022 07:59:25,1651478362473,5.5,02/05/2022 13:29:22,85779,6,questionnaire-nvwz,,21613149,s97gywdc,6390112,,complete,mkqyba,,computer,Desktop or Laptop,Mac OS 10.15.7,Safari 14.1.2,1440x900,1226x708,,Consent form,3,"YES=right arrow,",Passed,Passed,No,END QUESTIONNAIRE,5118
1,1651673147863,04/05/2022 14:05:47,1651673153035,5.5,04/05/2022 19:35:53,85779,6,questionnaire-nvwz,,21666846,3fqibna3,6406343,,complete,futrsz,,computer,Desktop or Laptop,Windows 7,Chrome 100.0.4896.127,1600x900,1600x789,,Consent form,3,"YES=right arrow,",Passed,Passed,No,BEGIN QUESTIONNAIRE,
2,1651673285138,04/05/2022 14:08:05,1651673290373,5.5,04/05/2022 19:38:10,85779,6,questionnaire-nvwz,,21666846,3fqibna3,6406343,,complete,futrsz,,computer,Desktop or Laptop,Windows 7,Chrome 100.0.4896.127,1600x900,1583x789,,Consent form,3,"YES=right arrow,",Passed,Passed,No,consent,1
3,1651673285524,04/05/2022 14:08:05,1651673290376,5.5,04/05/2022 19:38:10,85779,6,questionnaire-nvwz,,21666846,3fqibna3,6406343,,complete,futrsz,,computer,Desktop or Laptop,Windows 7,Chrome 100.0.4896.127,1600x900,1583x789,,Consent form,3,"YES=right arrow,",Passed,Passed,No,END QUESTIONNAIRE,137341
1,1651298961723,30/04/2022 06:09:21,1651298961795,5.5,30/04/2022 11:39:21,85779,6,questionnaire-nvwz,,21593815,y22eezuz,6383311,,complete,ukrjom,,computer,Desktop or Laptop,Windows 10,Chrome 100.0.4896.127,1366x768,1366x625,,Consent form,3,"YES=left arrow,",Passed,Passed,No,BEGIN QUESTIONNAIRE,
2,1651299028630,30/04/2022 06:10:28,1651299028389,5.5,30/04/2022 11:40:28,85779,6,questionnaire-nvwz,,21593815,y22eezuz,6383311,,complete,ukrjom,,computer,Desktop or Laptop,Windows 10,Chrome 100.0.4896.127,1366x768,1349x625,,Consent form,3,"YES=left arrow,",Passed,Passed,No,consent,1
3,1651299028855,30/04/2022 06:10:28,1651299028390,5.5,30/04/2022 11:40:28,85779,6,questionnaire-nvwz,,21593815,y22eezuz,6383311,,complete,ukrjom,,computer,Desktop or Laptop,Windows 10,Chrome 100.0.4896.127,1366x768,1349x625,,Consent form,3,"YES=left arrow,",Passed,Passed,No,END QUESTIONNAIRE,66595
1,1651251202924,29/04/2022 16:53:22,1651251203093,5.5,29/04/2022 22:23:23,85779,6,questionnaire-nvwz,,21588303,ybga1xkq,6381813,,complete,dmtuub,,computer,Desktop or Laptop,Windows 10,Chrome 100.0.4896.127,1536x864,1536x714,,Consent form,3,"YES=left arrow,",Passed,Passed,No,BEGIN QUESTIONNAIRE,
2,1651251226940,29/04/2022 16:53:46,1651251226727,5.5,29/04/2022 22:23:46,85779,6,questionnaire-nvwz,,21588303,ybga1xkq,6381813,,complete,dmtuub,,computer,Desktop or Laptop,Windows 10,Chrome 100.0.4896.127,1536x864,1519x714,,Consent form,3,"YES=left arrow,",Passed,Passed,No,consent,1
3,1651251227176,29/04/2022 16:53:47,1651251226731,5.5,29/04/2022 22:23:46,85779,6,questionnaire-nvwz,,21588303,ybga1xkq,6381813,,complete,dmtuub,,computer,Desktop or Laptop,Windows 10,Chrome 100.0.4896.127,1536x864,1519x714,,Consent form,3,"YES=left arrow,",Passed,Passed,No,END QUESTIONNAIRE,23638
1,1651246935362,29/04/2022 15:42:15,1651246935589,5.5,29/04/2022 21:12:15,85779,6,questionnaire-nvwz,,21587333,w4veysa0,6381442,,complete,rjslqt,,computer,Desktop or Laptop,Windows 10,Chrome 100.0.4896.127,1280x720,1280x601,,Consent form,3,"YES=right arrow,",Passed,Passed,No,BEGIN QUESTIONNAIRE,
2,1651247037775,29/04/2022 15:43:57,1651247038060,5.5,29/04/2022 21:13:58,85779,6,questionnaire-nvwz,,21587333,w4veysa0,6381442,,complete,rjslqt,,computer,Desktop or Laptop,Windows 10,Chrome 100.0.4896.127,1280x720,1263x601,,Consent form,3,"YES=right arrow,",Passed,Passed,No,consent,1
3,1651247038025,29/04/2022 15:43:58,1651247038062,5.5,29/04/2022 21:13:58,85779,6,questionnaire-nvwz,,21587333,w4veysa0,6381442,,complete,rjslqt,,computer,Desktop or Laptop,Windows 10,Chrome 100.0.4896.127,1280x720,1263x601,,Consent form,3,"YES=right arrow,",Passed,Passed,No,END QUESTIONNAIRE,102472
1,1651245587611,29/04/2022 15:19:47,1651245581850,5.5,29/04/2022 20:49:41,85779,6,questionnaire-nvwz,,21586967,mz8i7r41,6381286,,complete,gzmhxm,,computer,Desktop or Laptop,Windows 10,Chrome 100.0.4896.127,1280x720,1280x577,,Consent form,3,"YES=right arrow,",Passed,Passed,No,BEGIN QUESTIONNAIRE,
2,1651245599496,29/04/2022 15:19:59,1651245593760,5.5,29/04/2022 20:49:53,85779,6,questionnaire-nvwz,,21586967,mz8i7r41,6381286,,complete,gzmhxm,,computer,Desktop or Laptop,Windows 10,Chrome 100.0.4896.127,1280x720,1263x577,,Consent form,3,"YES=right arrow,",Passed,Passed,No,consent,1
3,1651245599764,29/04/2022 15:19:59,1651245593763,5.5,29/04/2022 20:49:53,85779,6,questionnaire-nvwz,,21586967,mz8i7r41,6381286,,complete,gzmhxm,,computer,Desktop or Laptop,Windows 10,Chrome 100.0.4896.127,1280x720,1263x577,,Consent form,3,"YES=right arrow,",Passed,Passed,No,END QUESTIONNAIRE,11913
1,1651242490717,29/04/2022 14:28:10,1651242490786,5.5,29/04/2022 19:58:10,85779,6,questionnaire-nvwz,,21585933,g32u8hap,6380909,,complete,miqzxa,,computer,Desktop or Laptop,Windows 10,Chrome 100.0.4896.127,1366x768,1366x657,,Consent form,3,"YES=left arrow,",Passed,Passed,No,BEGIN QUESTIONNAIRE,
2,1651242495050,29/04/2022 14:28:15,1651242495165,5.5,29/04/2022 19:58:15,85779,6,questionnaire-nvwz,,21585933,g32u8hap,6380909,,complete,miqzxa,,computer,Desktop or Laptop,Windows 10,Chrome 100.0.4896.127,1366x768,1349x657,,Consent form,3,"YES=left arrow,",Passed,Passed,No,consent,1
3,1651242495298,29/04/2022 14:28:15,1651242495167,5.5,29/04/2022 19:58:15,85779,6,questionnaire-nvwz,,21585933,g32u8hap,6380909,,complete,miqzxa,,computer,Desktop or Laptop,Windows 10,Chrome 100.0.4896.127,1366x768,1349x657,,Consent form,3,"YES=left arrow,",Passed,Passed,No,END QUESTIONNAIRE,4381
1,1651239245218,29/04/2022 13:34:05,1651239243545,5.5,29/04/2022 19:04:03,85779,6,questionnaire-nvwz,,21585058,xfv1p39q,6380640,,complete,rketnr,,computer,Desktop or Laptop,Windows 10,Chrome 100.0.4896.127,1536x864,1536x722,,Consent form,3,"YES=left arrow,",Passed,Passed,No,BEGIN QUESTIONNAIRE,
2,1651239261482,29/04/2022 13:34:21,1651239259826,5.5,29/04/2022 19:04:19,85779,6,questionnaire-nvwz,,21585058,xfv1p39q,6380640,,complete,rketnr,,computer,Desktop or Laptop,Windows 10,Chrome 100.0.4896.127,1536x864,1519x722,,Consent form,3,"YES=left arrow,",Passed,Passed,No,consent,1
3,1651239261670,29/04/2022 13:34:21,1651239259827,5.5,29/04/2022 19:04:19,85779,6,questionnaire-nvwz,,21585058,xfv1p39q,6380640,,complete,rketnr,,computer,Desktop or Laptop,Windows 10,Chrome 100.0.4896.127,1536x864,1519x722,,Consent form,3,"YES=left arrow,",Passed,Passed,No,END QUESTIONNAIRE,16282
1,1651229294394,29/04/2022 10:48:14,1651229276642,5.5,29/04/2022 16:17:56,85779,6,questionnaire-nvwz,,21582328,jtadkwra,6379708,,complete,hdhhir,,computer,Desktop or Laptop,Windows 10,Chrome 100.0.4896.127,1366x768,1366x625,,Consent form,3,"YES=right arrow,",Passed,Passed,No,BEGIN QUESTIONNAIRE,
2,1651229459071,29/04/2022 10:50:59,1651229440332,5.5,29/04/2022 16:20:40,85779,6,questionnaire-nvwz,,21582328,jtadkwra,6379708,,complete,hdhhir,,computer,Desktop or Laptop,Windows 10,Chrome 100.0.4896.127,1366x768,1349x625,,Consent form,3,"YES=right arrow,",Passed,Passed,No,consent,1
3,1651229459692,29/04/2022 10:50:59,1651229440334,5.5,29/04/2022 16:20:40,85779,6,questionnaire-nvwz,,21582328,jtadkwra,6379708,,complete,hdhhir,,computer,Desktop or Laptop,Windows 10,Chrome 100.0.4896.127,1366x768,1349x625,,Consent form,3,"YES=right arrow,",Passed,Passed,No,END QUESTIONNAIRE,163692
1,1651168955575,28/04/2022 18:02:35,1651168955652,5.5,28/04/2022 23:32:35,85779,6,questionnaire-nvwz,,21572774,vjlaqurv,6376871,,complete,bidlay,,computer,Desktop or Laptop,Windows 10,Chrome 100.0.4896.127,1536x864,1536x746,,Consent form,3,"YES=left arrow,",Passed,Passed,No,BEGIN QUESTIONNAIRE,
2,1651169019509,28/04/2022 18:03:39,1651169019099,5.5,28/04/2022 23:33:39,85779,6,questionnaire-nvwz,,21572774,vjlaqurv,6376871,,complete,bidlay,,computer,Desktop or Laptop,Windows 10,Chrome 100.0.4896.127,1536x864,1519x746,,Consent form,3,"YES=left arrow,",Passed,Passed,No,consent,1
3,1651169019947,28/04/2022 18:03:39,1651169019102,5.5,28/04/2022 23:33:39,85779,6,questionnaire-nvwz,,21572774,vjlaqurv,6376871,,complete,bidlay,,computer,Desktop or Laptop,Windows 10,Chrome 100.0.4896.127,1536x864,1519x746,,Consent form,3,"YES=left arrow,",Passed,Passed,No,END QUESTIONNAIRE,63450
1,1651161931203,28/04/2022 16:05:31,1651161931724,5.5,28/04/2022 21:35:31,85779,6,questionnaire-nvwz,,21570786,9gwbl9xs,6376262,,complete,alnyuo,,computer,Desktop or Laptop,Windows 10,Chrome 100.0.4896.127,1188x668,1189x531,,Consent form,3,"YES=left arrow,",Passed,Passed,No,BEGIN QUESTIONNAIRE,
2,1651162016793,28/04/2022 16:06:56,1651162016910,5.5,28/04/2022 21:36:56,85779,6,questionnaire-nvwz,,21570786,9gwbl9xs,6376262,,complete,alnyuo,,computer,Desktop or Laptop,Windows 10,Chrome 100.0.4896.127,1188x668,1172x531,,Consent form,3,"YES=left arrow,",Passed,Passed,No,consent,1
3,1651162017109,28/04/2022 16:06:57,1651162016914,5.5,28/04/2022 21:36:56,85779,6,questionnaire-nvwz,,21570786,9gwbl9xs,6376262,,complete,alnyuo,,computer,Desktop or Laptop,Windows 10,Chrome 100.0.4896.127,1188x668,1172x531,,Consent form,3,"YES=left arrow,",Passed,Passed,No,END QUESTIONNAIRE,85191
1,1651065711726,27/04/2022 13:21:51,1651065710928,5.5,27/04/2022 18:51:50,85779,6,questionnaire-nvwz,,21541975,fli32ulj,6368527,,complete,sczdkx,,computer,Desktop or Laptop,Windows 10,Chrome 100.0.4896.127,1600x900,1600x757,,Consent form,3,"YES=left arrow,",Passed,Passed,No,BEGIN QUESTIONNAIRE,
2,1651065715859,27/04/2022 13:21:55,1651065715063,5.5,27/04/2022 18:51:55,85779,6,questionnaire-nvwz,,21541975,fli32ulj,6368527,,complete,sczdkx,,computer,Desktop or Laptop,Windows 10,Chrome 100.0.4896.127,1600x900,1583x757,,Consent form,3,"YES=left arrow,",Passed,Passed,No,consent,1
3,1651065716128,27/04/2022 13:21:56,1651065715065,5.5,27/04/2022 18:51:55,85779,6,questionnaire-nvwz,,21541975,fli32ulj,6368527,,complete,sczdkx,,computer,Desktop or Laptop,Windows 10,Chrome 100.0.4896.127,1600x900,1583x757,,Consent form,3,"YES=left arrow,",Passed,Passed,No,END QUESTIONNAIRE,4138
1,1651056616514,27/04/2022 10:50:16,1651056617263,5.5,27/04/2022 16:20:17,85779,6,questionnaire-nvwz,,21537547,ciqcf68n,6367322,,complete,knowyy,,computer,Desktop or Laptop,Windows 10,Chrome 100.0.4896.127,1366x768,1366x625,,Consent form,3,"YES=left arrow,",Passed,Passed,No,BEGIN QUESTIONNAIRE,
2,1651056624589,27/04/2022 10:50:24,1651056625322,5.5,27/04/2022 16:20:25,85779,6,questionnaire-nvwz,,21537547,ciqcf68n,6367322,,complete,knowyy,,computer,Desktop or Laptop,Windows 10,Chrome 100.0.4896.127,1366x768,1349x625,,Consent form,3,"YES=left arrow,",Passed,Passed,No,consent,1
3,1651056624798,27/04/2022 10:50:24,1651056625330,5.5,27/04/2022 16:20:25,85779,6,questionnaire-nvwz,,21537547,ciqcf68n,6367322,,complete,knowyy,,computer,Desktop or Laptop,Windows 10,Chrome 100.0.4896.127,1366x768,1349x625,,Consent form,3,"YES=left arrow,",Passed,Passed,No,END QUESTIONNAIRE,8068
1,1650812919022,24/04/2022 15:08:39,1650812918539,5.5,24/04/2022 20:38:38,85779,6,questionnaire-nvwz,,21469076,zl7a6z8g,6348692,,complete,gouvcq,,computer,Desktop or Laptop,Windows 10,Chrome 95.0.4638.69,1536x864,1536x722,,Consent form,3,"YES=left arrow,",Passed,Passed,No,BEGIN QUESTIONNAIRE,
2,1650812938150,24/04/2022 15:08:58,1650812937418,5.5,24/04/2022 20:38:57,85779,6,questionnaire-nvwz,,21469076,zl7a6z8g,6348692,,complete,gouvcq,,computer,Desktop or Laptop,Windows 10,Chrome 95.0.4638.69,1536x864,1519x722,,Consent form,3,"YES=left arrow,",Passed,Passed,No,consent,1
3,1650812938337,24/04/2022 15:08:58,1650812937420,5.5,24/04/2022 20:38:57,85779,6,questionnaire-nvwz,,21469076,zl7a6z8g,6348692,,complete,gouvcq,,computer,Desktop or Laptop,Windows 10,Chrome 95.0.4638.69,1536x864,1519x722,,Consent form,3,"YES=left arrow,",Passed,Passed,No,END QUESTIONNAIRE,18881
END OF FILE
