<?xml version="1.0" encoding="utf-8"?>
<!DOCTYPE article PUBLIC "-//NLM//DTD JATS (Z39.96) Journal Archiving
and Interchange DTD v1.2 20190208//EN" "JATS-archivearticle1.dtd">
<article xmlns:mml="http://www.w3.org/1998/Math/MathML" xmlns:xlink="http://www.w3.org/1999/xlink" dtd-version="1.2" article-type="other">
  <front>
    <journal-meta>
      <journal-id/>
      <journal-title-group>
        <journal-title>PlosONE</journal-title>
      </journal-title-group>
      <issn/>
      <publisher>
        <publisher-name/>
      </publisher>
    </journal-meta>
    <article-meta>
      <title-group>
        <article-title>SAVANT Bangla Experiment</article-title>
      </title-group>
      <contrib-group>
        <contrib contrib-type="author" corresp="yes">
          <contrib-id contrib-id-type="orcid">0000-0001-6830-3284</contrib-id>
          <name>
            <surname>Moitra</surname>
            <given-names>Swarnendu</given-names>
          </name>
          <string-name>Swarnendu Moitra</string-name>
          <email>s.moitra@qmul.ac.uk; swarnendu.moitra@gmail.com</email>
          <role vocab="https://credit.niso.org" vocab-term="investigation" vocab-term-identifier="https://credit.niso.org/contributor-roles/investigation/">Investigation</role>
          <role vocab="https://credit.niso.org" vocab-term="project administration" vocab-term-identifier="https://credit.niso.org/contributor-roles/project-administration/">Project
administration</role>
          <role vocab="https://credit.niso.org" vocab-term="software" vocab-term-identifier="https://credit.niso.org/contributor-roles/software/">Software</role>
          <role vocab="https://credit.niso.org" vocab-term="visualization" vocab-term-identifier="https://credit.niso.org/contributor-roles/visualization/">Visualization</role>
          <xref ref-type="aff" rid="aff-1">a</xref>
          <xref ref-type="corresp" rid="cor-1">*</xref>
        </contrib>
        <contrib contrib-type="author">
          <contrib-id contrib-id-type="orcid">0009-0002-8438-1914</contrib-id>
          <name>
            <surname>Chacón</surname>
            <given-names>Dustin A.</given-names>
          </name>
          <string-name>Dustin A. Chacón</string-name>
          <xref ref-type="aff" rid="aff-2">b</xref>
          <xref ref-type="aff" rid="aff-3">c</xref>
        </contrib>
        <contrib contrib-type="author">
          <contrib-id contrib-id-type="orcid">0000-0002-4700-5154</contrib-id>
          <name>
            <surname>Stockall</surname>
            <given-names>Linnaea</given-names>
          </name>
          <string-name>Linnaea Stockall</string-name>
          <xref ref-type="aff" rid="aff-1">a</xref>
        </contrib>
      </contrib-group>
      <aff id="aff-1">
        <institution-wrap>
          <institution>Queen Mary University of London</institution>
        </institution-wrap>
      </aff>
      <aff id="aff-2">
        <institution-wrap>
          <institution>University of Georgia</institution>
        </institution-wrap>
      </aff>
      <aff id="aff-3">
        <institution-wrap>
          <institution>Neuroscience of Language Lab, New York University Abu
Dhabi</institution>
        </institution-wrap>
      </aff>
      <author-notes>
        <corresp id="cor-1">s.moitra@qmul.ac.uk;
swarnendu.moitra@gmail.com</corresp>
      </author-notes>
      <pub-date date-type="pub" publication-format="electronic" iso-8601-date="2024-03-07">
        <year>2024</year>
        <month>3</month>
        <day>7</day>
      </pub-date>
      <history/>
      <abstract>
        <p>A key component of linguistic knowledge is the capacity to form and
identify novel combinations of word stems and affixes, e.g., googleable
(google + able). Behavioral and electrophysiological studies demonstrate
that morphologically complex words are processed by initially
decomposing them into their constituent parts, known as the EARLY FORM
BASED DECOMPOSITION stage. Followed by morphological RECOMPOSITION which
involves two distinct stages: checking the syntactic category of the
stem followed by evaluating its semantic interpretation. Earlier reseach
has focused primarily in verbal domain using derivational affixes. This
study examines the visual word recognition of complex words in Bangla/
Bengali focusing on the derivational prefixes.</p>
      </abstract>
      <kwd-group kwd-group-type="author">
        <kwd>Bangla</kwd>
        <kwd>Neurolinguistics</kwd>
      </kwd-group>
    </article-meta>
  </front>
  <body>
    <sec id="introduction">
      <title>1 Introduction</title>
      <p>Introduction goes here, following
  (<xref alt="Stockall et al. 2019" rid="ref-stockall_2019_prefix" ref-type="bibr">Stockall
  et al. 2019</xref>;
  <xref alt="Neophytou et al. 2018" rid="ref-neophytou_2018_syntactic" ref-type="bibr">Neophytou
  et al. 2018</xref>)</p>
      <p>Consequently.</p>
    </sec>
    <sec id="the-present-study">
      <title>2 The Present Study</title>
    </sec>
    <sec id="sec-data-methods">
      <title>3 MATERIALS AND METHODS</title>
      <sec id="materials">
        <title>3.1 Materials</title>
        <sec id="behavioural-experiment">
          <title>3.1.1 Behavioural experiment</title>
        </sec>
        <sec id="tarkianen-localiser">
          <title>3.1.2 Tarkianen Localiser</title>
        </sec>
      </sec>
      <sec id="participants">
        <title>3.2 Participants</title>
      </sec>
      <sec id="procedures">
        <title>3.3 Procedures</title>
      </sec>
    </sec>
    <sec id="data-analysis">
      <title>4 DATA ANALYSIS</title>
      <sec id="behavioural-data">
        <title>4.1 Behavioural data</title>
      </sec>
      <sec id="meg-data">
        <title>4.2 MEG data</title>
        <sec id="the-tarkiainen-localizer">
          <title>4.2.1 The Tarkiainen Localizer</title>
        </sec>
        <sec id="the-morphological-processing-experiment">
          <title>4.2.2 The Morphological processing experiment</title>
          <sec id="grammatical-prefixed-words">
            <title>4.2.2.1 Grammatical Prefixed Words</title>
          </sec>
          <sec id="pseudowords">
            <title>4.2.2.2 Pseudowords</title>
          </sec>
        </sec>
      </sec>
    </sec>
    <sec id="results">
      <title>5 RESULTS</title>
      <sec id="behavioral-data">
        <title>5.1 Behavioral data</title>
        <sec id="accuracy">
          <title>5.1.1 Accuracy</title>
        </sec>
        <sec id="reaction-time">
          <title>5.1.2 Reaction Time</title>
        </sec>
      </sec>
      <sec id="meg-data-1">
        <title>5.2 MEG data</title>
        <sec id="functional-localizer">
          <title>5.2.1 Functional localizer</title>
        </sec>
        <sec id="early-form-based-decomposition-in-vwfa">
          <title>5.2.2 Early, Form-based Decomposition in VWFA</title>
        </sec>
        <sec id="lexeme-look-up-analysis">
          <title>5.2.3 Lexeme look-up analysis</title>
          <sec id="log-base-frequency-in-vwfa">
            <title>5.2.3.1 Log Base Frequency in VWFA</title>
          </sec>
        </sec>
        <sec id="licensing-stage-in-the-left-temporal-lobe">
          <title>5.2.4 Licensing stage in the left temporal lobe</title>
        </sec>
        <sec id="composition-stage-in-the-left-orbitofrontal-cortex-ofc">
          <title>5.2.5 Composition stage in the left Orbitofrontal Cortex
      (OFC)</title>
        </sec>
      </sec>
    </sec>
    <sec id="discussion">
      <title>6 DISCUSSION</title>
      <sec id="early-form-based-decomposition">
        <title>6.1 Early, Form-based Decomposition</title>
      </sec>
      <sec id="lexeme-lookup">
        <title>6.2 Lexeme Lookup</title>
      </sec>
      <sec id="recombination-stages">
        <title>6.3 Recombination Stages</title>
      </sec>
    </sec>
    <sec id="conclusion">
      <title>7 Conclusion</title>
    </sec>
  </body>
  <back>
    <ref-list>
      <title>References</title>
      <ref id="ref-stockall_2019_prefix">
        <element-citation publication-type="article-journal">
          <person-group person-group-type="author">
            <name>
              <surname>Stockall</surname>
              <given-names>Linnaea</given-names>
            </name>
            <name>
              <surname>Manouilidou</surname>
              <given-names>Christina</given-names>
            </name>
            <name>
              <surname>Gwilliams</surname>
              <given-names>Laura</given-names>
            </name>
            <name>
              <surname>Neophytou</surname>
              <given-names>Kyriaki</given-names>
            </name>
            <name>
              <surname>Marantz</surname>
              <given-names>Alec</given-names>
            </name>
          </person-group>
          <article-title>Prefix stripping re-re-revisited: MEG investigations of morphological decomposition and recomposition</article-title>
          <source>Frontiers in Psychology</source>
          <year iso-8601-date="2019-09">2019</year>
          <month>09</month>
          <volume>10</volume>
          <pub-id pub-id-type="doi">10.3389/fpsyg.2019.01964</pub-id>
        </element-citation>
      </ref>
      <ref id="ref-neophytou_2018_syntactic">
        <element-citation publication-type="article-journal">
          <person-group person-group-type="author">
            <name>
              <surname>Neophytou</surname>
              <given-names>K.</given-names>
            </name>
            <name>
              <surname>Manouilidou</surname>
              <given-names>C.</given-names>
            </name>
            <name>
              <surname>Stockall</surname>
              <given-names>L.</given-names>
            </name>
            <name>
              <surname>Marantz</surname>
              <given-names>A.</given-names>
            </name>
          </person-group>
          <article-title>Syntactic and semantic restrictions on morphological recomposition: MEG evidence from greek</article-title>
          <source>Brain and Language</source>
          <year iso-8601-date="2018-08">2018</year>
          <month>08</month>
          <volume>183</volume>
          <pub-id pub-id-type="doi">10.1016/j.bandl.2018.05.003</pub-id>
          <fpage>11</fpage>
          <lpage>20</lpage>
        </element-citation>
      </ref>
    </ref-list>
  </back>
  <sub-article article-type="notebook" id="nb-2-nb-article">
    <front-stub>
      <title-group>
        <article-title>SAVANT Bangla Experiment</article-title>
      </title-group>
      <contrib-group>
        <contrib contrib-type="author" corresp="yes">
          <contrib-id contrib-id-type="orcid">0000-0001-6830-3284</contrib-id>
          <name>
            <surname>Moitra</surname>
            <given-names>Swarnendu</given-names>
          </name>
          <string-name>Swarnendu Moitra</string-name>
          <email>s.moitra@qmul.ac.uk; swarnendu.moitra@gmail.com</email>
          <role vocab="https://credit.niso.org" vocab-term="investigation" vocab-term-identifier="https://credit.niso.org/contributor-roles/investigation/">Investigation</role>
          <role vocab="https://credit.niso.org" vocab-term="project administration" vocab-term-identifier="https://credit.niso.org/contributor-roles/project-administration/">Project
administration</role>
          <role vocab="https://credit.niso.org" vocab-term="software" vocab-term-identifier="https://credit.niso.org/contributor-roles/software/">Software</role>
          <role vocab="https://credit.niso.org" vocab-term="visualization" vocab-term-identifier="https://credit.niso.org/contributor-roles/visualization/">Visualization</role>
          <xref ref-type="aff" rid="aff-1-nb-article">a</xref>
          <xref ref-type="corresp" rid="cor-1-nb-article">*</xref>
        </contrib>
        <contrib contrib-type="author">
          <contrib-id contrib-id-type="orcid">0009-0002-8438-1914</contrib-id>
          <name>
            <surname>Chacón</surname>
            <given-names>Dustin A.</given-names>
          </name>
          <string-name>Dustin A. Chacón</string-name>
          <xref ref-type="aff" rid="aff-2-nb-article">b</xref>
          <xref ref-type="aff" rid="aff-3-nb-article">c</xref>
        </contrib>
        <contrib contrib-type="author">
          <contrib-id contrib-id-type="orcid">0000-0002-4700-5154</contrib-id>
          <name>
            <surname>Stockall</surname>
            <given-names>Linnaea</given-names>
          </name>
          <string-name>Linnaea Stockall</string-name>
          <xref ref-type="aff" rid="aff-1-nb-article">a</xref>
        </contrib>
      </contrib-group>
      <aff id="aff-1-nb-article">
        <institution-wrap>
          <institution>Queen Mary University of London</institution>
        </institution-wrap>
      </aff>
      <aff id="aff-2-nb-article">
        <institution-wrap>
          <institution>University of Georgia</institution>
        </institution-wrap>
      </aff>
      <aff id="aff-3-nb-article">
        <institution-wrap>
          <institution>Neuroscience of Language Lab, New York University Abu
Dhabi</institution>
        </institution-wrap>
      </aff>
      <author-notes>
        <corresp id="cor-1-nb-article">s.moitra@qmul.ac.uk;
swarnendu.moitra@gmail.com</corresp>
      </author-notes>
      <abstract>
        <p>A key component of linguistic knowledge is the capacity to form and
identify novel combinations of word stems and affixes, e.g., googleable
(google + able). Behavioral and electrophysiological studies demonstrate
that morphologically complex words are processed by initially
decomposing them into their constituent parts, known as the EARLY FORM
BASED DECOMPOSITION stage. Followed by morphological RECOMPOSITION which
involves two distinct stages: checking the syntactic category of the
stem followed by evaluating its semantic interpretation. Earlier reseach
has focused primarily in verbal domain using derivational affixes. This
study examines the visual word recognition of complex words in Bangla/
Bengali focusing on the derivational prefixes.</p>
      </abstract>
    </front-stub>
    <body>
      <sec id="nb-code-cell-1-nb-article" specific-use="notebook-code">
        <code language="r script">library("tidyverse")</code>
        <code language="r script">library("corrplot")</code>
        <sec id="nb-code-cell-1-output-0-nb-article" specific-use="notebook-output">
          <preformat>── Attaching core tidyverse packages ──────────────────────── tidyverse 2.0.0 ──
✔ dplyr     1.1.4     ✔ readr     2.1.5
✔ forcats   1.0.0     ✔ stringr   1.5.1
✔ ggplot2   3.4.4     ✔ tibble    3.2.1
✔ lubridate 1.9.3     ✔ tidyr     1.3.0
✔ purrr     1.0.2     
── Conflicts ────────────────────────────────────────── tidyverse_conflicts() ──
✖ dplyr::filter() masks stats::filter()
✖ dplyr::lag()    masks stats::lag()
ℹ Use the conflicted package (&lt;http://conflicted.r-lib.org/&gt;) to force all conflicts to become errors</preformat>
        </sec>
        <sec id="nb-code-cell-1-output-1-nb-article" specific-use="notebook-output">
          <preformat>corrplot 0.92 loaded</preformat>
        </sec>
      </sec>
      <sec id="introduction-nb-article">
        <title>1 Introduction</title>
        <p>Introduction goes here, following
  (<xref alt="Stockall et al. 2019" rid="ref-stockall_2019_prefix-nb-article" ref-type="bibr">Stockall
  et al. 2019</xref>;
  <xref alt="Neophytou et al. 2018" rid="ref-neophytou_2018_syntactic-nb-article" ref-type="bibr">Neophytou
  et al. 2018</xref>)</p>
        <p>Consequently.</p>
      </sec>
      <sec id="the-present-study-nb-article">
        <title>2 The Present Study</title>
      </sec>
      <sec id="sec-data-methods-nb-article">
        <title>3 MATERIALS AND METHODS</title>
        <sec id="materials-nb-article">
          <title>3.1 Materials</title>
          <sec id="behavioural-experiment-nb-article">
            <title>3.1.1 Behavioural experiment</title>
          </sec>
          <sec id="tarkianen-localiser-nb-article">
            <title>3.1.2 Tarkianen Localiser</title>
          </sec>
        </sec>
        <sec id="participants-nb-article">
          <title>3.2 Participants</title>
        </sec>
        <sec id="procedures-nb-article">
          <title>3.3 Procedures</title>
        </sec>
      </sec>
      <sec id="data-analysis-nb-article">
        <title>4 DATA ANALYSIS</title>
        <sec id="behavioural-data-nb-article">
          <title>4.1 Behavioural data</title>
        </sec>
        <sec id="meg-data-nb-article">
          <title>4.2 MEG data</title>
          <sec id="the-tarkiainen-localizer-nb-article">
            <title>4.2.1 The Tarkiainen Localizer</title>
          </sec>
          <sec id="the-morphological-processing-experiment-nb-article">
            <title>4.2.2 The Morphological processing experiment</title>
            <sec id="grammatical-prefixed-words-nb-article">
              <title>4.2.2.1 Grammatical Prefixed Words</title>
            </sec>
            <sec id="pseudowords-nb-article">
              <title>4.2.2.2 Pseudowords</title>
            </sec>
          </sec>
        </sec>
      </sec>
      <sec id="results-nb-article">
        <title>5 RESULTS</title>
        <sec id="behavioral-data-nb-article">
          <title>5.1 Behavioral data</title>
          <sec id="accuracy-nb-article">
            <title>5.1.1 Accuracy</title>
          </sec>
          <sec id="reaction-time-nb-article">
            <title>5.1.2 Reaction Time</title>
          </sec>
        </sec>
        <sec id="meg-data-1-nb-article">
          <title>5.2 MEG data</title>
          <sec id="functional-localizer-nb-article">
            <title>5.2.1 Functional localizer</title>
          </sec>
          <sec id="early-form-based-decomposition-in-vwfa-nb-article">
            <title>5.2.2 Early, Form-based Decomposition in VWFA</title>
          </sec>
          <sec id="lexeme-look-up-analysis-nb-article">
            <title>5.2.3 Lexeme look-up analysis</title>
            <sec id="log-base-frequency-in-vwfa-nb-article">
              <title>5.2.3.1 Log Base Frequency in VWFA</title>
            </sec>
          </sec>
          <sec id="licensing-stage-in-the-left-temporal-lobe-nb-article">
            <title>5.2.4 Licensing stage in the left temporal lobe</title>
          </sec>
          <sec id="composition-stage-in-the-left-orbitofrontal-cortex-ofc-nb-article">
            <title>5.2.5 Composition stage in the left Orbitofrontal Cortex
      (OFC)</title>
          </sec>
        </sec>
      </sec>
      <sec id="discussion-nb-article">
        <title>6 DISCUSSION</title>
        <sec id="early-form-based-decomposition-nb-article">
          <title>6.1 Early, Form-based Decomposition</title>
        </sec>
        <sec id="lexeme-lookup-nb-article">
          <title>6.2 Lexeme Lookup</title>
        </sec>
        <sec id="recombination-stages-nb-article">
          <title>6.3 Recombination Stages</title>
        </sec>
      </sec>
      <sec id="conclusion-nb-article">
        <title>7 Conclusion</title>
      </sec>
    </body>
    <back>
      <ref-list>
        <title>References</title>
        <ref id="ref-stockall_2019_prefix-nb-article">
          <element-citation publication-type="article-journal">
            <person-group person-group-type="author">
              <name>
                <surname>Stockall</surname>
                <given-names>Linnaea</given-names>
              </name>
              <name>
                <surname>Manouilidou</surname>
                <given-names>Christina</given-names>
              </name>
              <name>
                <surname>Gwilliams</surname>
                <given-names>Laura</given-names>
              </name>
              <name>
                <surname>Neophytou</surname>
                <given-names>Kyriaki</given-names>
              </name>
              <name>
                <surname>Marantz</surname>
                <given-names>Alec</given-names>
              </name>
            </person-group>
            <article-title>Prefix stripping re-re-revisited: MEG investigations of morphological decomposition and recomposition</article-title>
            <source>Frontiers in Psychology</source>
            <year iso-8601-date="2019-09">2019</year>
            <month>09</month>
            <volume>10</volume>
            <pub-id pub-id-type="doi">10.3389/fpsyg.2019.01964</pub-id>
          </element-citation>
        </ref>
        <ref id="ref-neophytou_2018_syntactic-nb-article">
          <element-citation publication-type="article-journal">
            <person-group person-group-type="author">
              <name>
                <surname>Neophytou</surname>
                <given-names>K.</given-names>
              </name>
              <name>
                <surname>Manouilidou</surname>
                <given-names>C.</given-names>
              </name>
              <name>
                <surname>Stockall</surname>
                <given-names>L.</given-names>
              </name>
              <name>
                <surname>Marantz</surname>
                <given-names>A.</given-names>
              </name>
            </person-group>
            <article-title>Syntactic and semantic restrictions on morphological recomposition: MEG evidence from greek</article-title>
            <source>Brain and Language</source>
            <year iso-8601-date="2018-08">2018</year>
            <month>08</month>
            <volume>183</volume>
            <pub-id pub-id-type="doi">10.1016/j.bandl.2018.05.003</pub-id>
            <fpage>11</fpage>
            <lpage>20</lpage>
          </element-citation>
        </ref>
      </ref-list>
    </back>
  </sub-article>
</article>
