<?xml version="1.0" encoding="utf-8"?>
<!DOCTYPE article PUBLIC "-//NLM//DTD JATS (Z39.96) Journal Archiving
and Interchange DTD v1.2 20190208//EN" "JATS-archivearticle1.dtd">
<article xmlns:mml="http://www.w3.org/1998/Math/MathML" xmlns:xlink="http://www.w3.org/1999/xlink" dtd-version="1.2" article-type="other">
  <front>
    <journal-meta>
      <journal-id/>
      <journal-title-group>
        <journal-title>PlosONE</journal-title>
      </journal-title-group>
      <issn/>
      <publisher>
        <publisher-name/>
      </publisher>
    </journal-meta>
    <article-meta>
      <title-group>
        <article-title>SAVANT Bangla Experiment</article-title>
      </title-group>
      <contrib-group>
        <contrib contrib-type="author" corresp="yes">
          <contrib-id contrib-id-type="orcid">0000-0001-6830-3284</contrib-id>
          <name>
            <surname>Moitra</surname>
            <given-names>Swarnendu</given-names>
          </name>
          <string-name>Swarnendu Moitra</string-name>
          <email>s.moitra@qmul.ac.uk; swarnendu.moitra@gmail.com</email>
          <role vocab="https://credit.niso.org" vocab-term="investigation" vocab-term-identifier="https://credit.niso.org/contributor-roles/investigation/">Investigation</role>
          <role vocab="https://credit.niso.org" vocab-term="project administration" vocab-term-identifier="https://credit.niso.org/contributor-roles/project-administration/">Project
administration</role>
          <role vocab="https://credit.niso.org" vocab-term="software" vocab-term-identifier="https://credit.niso.org/contributor-roles/software/">Software</role>
          <role vocab="https://credit.niso.org" vocab-term="visualization" vocab-term-identifier="https://credit.niso.org/contributor-roles/visualization/">Visualization</role>
          <xref ref-type="aff" rid="aff-1">a</xref>
          <xref ref-type="corresp" rid="cor-1">*</xref>
        </contrib>
        <contrib contrib-type="author">
          <contrib-id contrib-id-type="orcid">0009-0002-8438-1914</contrib-id>
          <name>
            <surname>Chacón</surname>
            <given-names>Dustin A.</given-names>
          </name>
          <string-name>Dustin A. Chacón</string-name>
          <xref ref-type="aff" rid="aff-2">b</xref>
          <xref ref-type="aff" rid="aff-3">c</xref>
        </contrib>
        <contrib contrib-type="author">
          <contrib-id contrib-id-type="orcid">0000-0002-4700-5154</contrib-id>
          <name>
            <surname>Stockall</surname>
            <given-names>Linnaea</given-names>
          </name>
          <string-name>Linnaea Stockall</string-name>
          <xref ref-type="aff" rid="aff-1">a</xref>
        </contrib>
      </contrib-group>
      <aff id="aff-1">
        <institution-wrap>
          <institution>Queen Mary University of London</institution>
        </institution-wrap>
      </aff>
      <aff id="aff-2">
        <institution-wrap>
          <institution>University of Georgia</institution>
        </institution-wrap>
      </aff>
      <aff id="aff-3">
        <institution-wrap>
          <institution>Neuroscience of Language Lab, New York University Abu
Dhabi</institution>
        </institution-wrap>
      </aff>
      <author-notes>
        <corresp id="cor-1">s.moitra@qmul.ac.uk;
swarnendu.moitra@gmail.com</corresp>
      </author-notes>
      <pub-date date-type="pub" publication-format="electronic" iso-8601-date="2024-03-06">
        <year>2024</year>
        <month>3</month>
        <day>6</day>
      </pub-date>
      <history/>
      <abstract>
        <p>A key component of linguistic knowledge is the capacity to form and
identify novel combinations of word stems and affixes, e.g., googleable
(google + able). Behavioral and electrophysiological studies demonstrate
that morphologically complex words are processed by initially
decomposing them into their constituent parts, known as the EARLY FORM
BASED DECOMPOSITION stage. Followed by morphological RECOMPOSITION which
involves two distinct stages: checking the syntactic category of the
stem followed by evaluating its semantic interpretation. Earlier reseach
has focused primarily in verbal domain using derivational affixes. This
study examines the visual word recognition of complex words in Bangla/
Bengali focusing on the derivational prefixes.</p>
      </abstract>
      <kwd-group kwd-group-type="author">
        <kwd>Bangla</kwd>
        <kwd>Neurolinguistics</kwd>
      </kwd-group>
    </article-meta>
  </front>
  <body>
    <sec id="introduction">
      <title>1 Introduction</title>
      <p>Introduction goes here. Marrero et al.
  (<xref alt="2019" rid="ref-marrero2019" ref-type="bibr">2019</xref>)</p>
    </sec>
    <sec id="the-present-study">
      <title>2 The Present Study</title>
    </sec>
    <sec id="sec-data-methods">
      <title>3 MATERIALS AND METHODS</title>
      <sec id="materials">
        <title>3.1 Materials</title>
        <sec id="behavioural-experiment">
          <title>3.1.1 Behavioural experiment</title>
        </sec>
        <sec id="tarkianen-localiser">
          <title>3.1.2 Tarkianen Localiser</title>
        </sec>
      </sec>
      <sec id="participants">
        <title>3.2 Participants</title>
      </sec>
      <sec id="procedures">
        <title>3.3 Procedures</title>
      </sec>
    </sec>
    <sec id="data-analysis">
      <title>4 DATA ANALYSIS</title>
      <sec id="behavioural-data">
        <title>4.1 Behavioural data</title>
      </sec>
      <sec id="meg-data">
        <title>4.2 MEG data</title>
        <sec id="the-tarkiainen-localizer">
          <title>4.2.1 The Tarkiainen Localizer</title>
        </sec>
        <sec id="the-morphological-processing-experiment">
          <title>4.2.2 The Morphological processing experiment</title>
          <sec id="grammatical-prefixed-words">
            <title>4.2.2.1 Grammatical Prefixed Words</title>
          </sec>
          <sec id="pseudowords">
            <title>4.2.2.2 Pseudowords</title>
          </sec>
        </sec>
      </sec>
    </sec>
    <sec id="results">
      <title>5 RESULTS</title>
      <sec id="behavioral-data">
        <title>5.1 Behavioral data</title>
        <sec id="accuracy">
          <title>5.1.1 Accuracy</title>
        </sec>
        <sec id="reaction-time">
          <title>5.1.2 Reaction Time</title>
        </sec>
      </sec>
      <sec id="meg-data-1">
        <title>5.2 MEG data</title>
        <sec id="functional-localizer">
          <title>5.2.1 Functional localizer</title>
        </sec>
        <sec id="early-form-based-decomposition-in-vwfa">
          <title>5.2.2 Early, Form-based Decomposition in VWFA</title>
        </sec>
        <sec id="lexeme-look-up-analysis">
          <title>5.2.3 Lexeme look-up analysis</title>
          <sec id="log-base-frequency-in-vwfa">
            <title>5.2.3.1 Log Base Frequency in VWFA</title>
          </sec>
        </sec>
        <sec id="licensing-stage-in-the-left-temporal-lobe">
          <title>5.2.4 Licensing stage in the left temporal lobe</title>
        </sec>
        <sec id="composition-stage-in-the-left-orbitofrontal-cortex-ofc">
          <title>5.2.5 Composition stage in the left Orbitofrontal Cortex
      (OFC)</title>
        </sec>
      </sec>
    </sec>
    <sec id="discussion">
      <title>6 DISCUSSION</title>
      <sec id="early-form-based-decomposition">
        <title>6.1 Early, Form-based Decomposition</title>
      </sec>
      <sec id="lexeme-lookup">
        <title>6.2 Lexeme Lookup</title>
      </sec>
      <sec id="recombination-stages">
        <title>6.3 Recombination Stages</title>
      </sec>
    </sec>
    <sec id="conclusion">
      <title>7 Conclusion</title>
    </sec>
  </body>
  <back>
    <ref-list>
      <title>References</title>
      <ref id="ref-marrero2019">
        <element-citation publication-type="article-journal">
          <person-group person-group-type="author">
            <name>
              <surname>Marrero</surname>
              <given-names>José</given-names>
            </name>
            <name>
              <surname>García</surname>
              <given-names>Alicia</given-names>
            </name>
            <name>
              <surname>Berrocoso</surname>
              <given-names>Manuel</given-names>
            </name>
            <name>
              <surname>Llinares</surname>
              <given-names>Ángeles</given-names>
            </name>
            <name>
              <surname>Rodríguez-Losada</surname>
              <given-names>Antonio</given-names>
            </name>
            <name>
              <surname>Ortiz</surname>
              <given-names>R.</given-names>
            </name>
          </person-group>
          <article-title>Strategies for the development of volcanic hazard maps in monogenetic volcanic fields: The example of La Palma (Canary Islands)</article-title>
          <source>Journal of Applied Volcanology</source>
          <year iso-8601-date="2019-07">2019</year>
          <month>07</month>
          <volume>8</volume>
          <pub-id pub-id-type="doi">10.1186/s13617-019-0085-5</pub-id>
          <fpage/>
          <lpage/>
        </element-citation>
      </ref>
    </ref-list>
  </back>
  <sub-article article-type="notebook" id="nb-4-nb-article">
    <front-stub>
      <title-group>
        <article-title>SAVANT Bangla Experiment</article-title>
      </title-group>
      <contrib-group>
        <contrib contrib-type="author" corresp="yes">
          <contrib-id contrib-id-type="orcid">0000-0001-6830-3284</contrib-id>
          <name>
            <surname>Moitra</surname>
            <given-names>Swarnendu</given-names>
          </name>
          <string-name>Swarnendu Moitra</string-name>
          <email>s.moitra@qmul.ac.uk; swarnendu.moitra@gmail.com</email>
          <role vocab="https://credit.niso.org" vocab-term="investigation" vocab-term-identifier="https://credit.niso.org/contributor-roles/investigation/">Investigation</role>
          <role vocab="https://credit.niso.org" vocab-term="project administration" vocab-term-identifier="https://credit.niso.org/contributor-roles/project-administration/">Project
administration</role>
          <role vocab="https://credit.niso.org" vocab-term="software" vocab-term-identifier="https://credit.niso.org/contributor-roles/software/">Software</role>
          <role vocab="https://credit.niso.org" vocab-term="visualization" vocab-term-identifier="https://credit.niso.org/contributor-roles/visualization/">Visualization</role>
          <xref ref-type="aff" rid="aff-1-nb-article">a</xref>
          <xref ref-type="corresp" rid="cor-1-nb-article">*</xref>
        </contrib>
        <contrib contrib-type="author">
          <contrib-id contrib-id-type="orcid">0009-0002-8438-1914</contrib-id>
          <name>
            <surname>Chacón</surname>
            <given-names>Dustin A.</given-names>
          </name>
          <string-name>Dustin A. Chacón</string-name>
          <xref ref-type="aff" rid="aff-2-nb-article">b</xref>
          <xref ref-type="aff" rid="aff-3-nb-article">c</xref>
        </contrib>
        <contrib contrib-type="author">
          <contrib-id contrib-id-type="orcid">0000-0002-4700-5154</contrib-id>
          <name>
            <surname>Stockall</surname>
            <given-names>Linnaea</given-names>
          </name>
          <string-name>Linnaea Stockall</string-name>
          <xref ref-type="aff" rid="aff-1-nb-article">a</xref>
        </contrib>
      </contrib-group>
      <aff id="aff-1-nb-article">
        <institution-wrap>
          <institution>Queen Mary University of London</institution>
        </institution-wrap>
      </aff>
      <aff id="aff-2-nb-article">
        <institution-wrap>
          <institution>University of Georgia</institution>
        </institution-wrap>
      </aff>
      <aff id="aff-3-nb-article">
        <institution-wrap>
          <institution>Neuroscience of Language Lab, New York University Abu
Dhabi</institution>
        </institution-wrap>
      </aff>
      <author-notes>
        <corresp id="cor-1-nb-article">s.moitra@qmul.ac.uk;
swarnendu.moitra@gmail.com</corresp>
      </author-notes>
      <abstract>
        <p>A key component of linguistic knowledge is the capacity to form and
identify novel combinations of word stems and affixes, e.g., googleable
(google + able). Behavioral and electrophysiological studies demonstrate
that morphologically complex words are processed by initially
decomposing them into their constituent parts, known as the EARLY FORM
BASED DECOMPOSITION stage. Followed by morphological RECOMPOSITION which
involves two distinct stages: checking the syntactic category of the
stem followed by evaluating its semantic interpretation. Earlier reseach
has focused primarily in verbal domain using derivational affixes. This
study examines the visual word recognition of complex words in Bangla/
Bengali focusing on the derivational prefixes.</p>
      </abstract>
    </front-stub>
    <body>
      <sec id="nb-code-cell-1-nb-article" specific-use="notebook-code">
        <code language="r script">library("tidyverse")</code>
        <code language="r script">library("corrplot")</code>
        <sec id="nb-code-cell-1-output-0-nb-article" specific-use="notebook-output">
          <preformat>── Attaching core tidyverse packages ──────────────────────── tidyverse 2.0.0 ──
✔ dplyr     1.1.4     ✔ readr     2.1.5
✔ forcats   1.0.0     ✔ stringr   1.5.1
✔ ggplot2   3.4.4     ✔ tibble    3.2.1
✔ lubridate 1.9.3     ✔ tidyr     1.3.0
✔ purrr     1.0.2     
── Conflicts ────────────────────────────────────────── tidyverse_conflicts() ──
✖ dplyr::filter() masks stats::filter()
✖ dplyr::lag()    masks stats::lag()
ℹ Use the conflicted package (&lt;http://conflicted.r-lib.org/&gt;) to force all conflicts to become errors</preformat>
        </sec>
        <sec id="nb-code-cell-1-output-1-nb-article" specific-use="notebook-output">
          <preformat>corrplot 0.92 loaded</preformat>
        </sec>
      </sec>
      <sec id="introduction-nb-article">
        <title>1 Introduction</title>
        <p>Introduction goes here. Marrero et al.
  (<xref alt="2019" rid="ref-marrero2019-nb-article" ref-type="bibr">2019</xref>)</p>
      </sec>
      <sec id="the-present-study-nb-article">
        <title>2 The Present Study</title>
      </sec>
      <sec id="sec-data-methods-nb-article">
        <title>3 MATERIALS AND METHODS</title>
        <sec id="materials-nb-article">
          <title>3.1 Materials</title>
          <sec id="behavioural-experiment-nb-article">
            <title>3.1.1 Behavioural experiment</title>
          </sec>
          <sec id="tarkianen-localiser-nb-article">
            <title>3.1.2 Tarkianen Localiser</title>
          </sec>
        </sec>
        <sec id="participants-nb-article">
          <title>3.2 Participants</title>
        </sec>
        <sec id="procedures-nb-article">
          <title>3.3 Procedures</title>
        </sec>
      </sec>
      <sec id="data-analysis-nb-article">
        <title>4 DATA ANALYSIS</title>
        <sec id="behavioural-data-nb-article">
          <title>4.1 Behavioural data</title>
        </sec>
        <sec id="meg-data-nb-article">
          <title>4.2 MEG data</title>
          <sec id="the-tarkiainen-localizer-nb-article">
            <title>4.2.1 The Tarkiainen Localizer</title>
          </sec>
          <sec id="the-morphological-processing-experiment-nb-article">
            <title>4.2.2 The Morphological processing experiment</title>
            <sec id="grammatical-prefixed-words-nb-article">
              <title>4.2.2.1 Grammatical Prefixed Words</title>
            </sec>
            <sec id="pseudowords-nb-article">
              <title>4.2.2.2 Pseudowords</title>
            </sec>
          </sec>
        </sec>
      </sec>
      <sec id="results-nb-article">
        <title>5 RESULTS</title>
        <sec id="behavioral-data-nb-article">
          <title>5.1 Behavioral data</title>
          <sec id="accuracy-nb-article">
            <title>5.1.1 Accuracy</title>
          </sec>
          <sec id="reaction-time-nb-article">
            <title>5.1.2 Reaction Time</title>
          </sec>
        </sec>
        <sec id="meg-data-1-nb-article">
          <title>5.2 MEG data</title>
          <sec id="functional-localizer-nb-article">
            <title>5.2.1 Functional localizer</title>
          </sec>
          <sec id="early-form-based-decomposition-in-vwfa-nb-article">
            <title>5.2.2 Early, Form-based Decomposition in VWFA</title>
          </sec>
          <sec id="lexeme-look-up-analysis-nb-article">
            <title>5.2.3 Lexeme look-up analysis</title>
            <sec id="log-base-frequency-in-vwfa-nb-article">
              <title>5.2.3.1 Log Base Frequency in VWFA</title>
            </sec>
          </sec>
          <sec id="licensing-stage-in-the-left-temporal-lobe-nb-article">
            <title>5.2.4 Licensing stage in the left temporal lobe</title>
          </sec>
          <sec id="composition-stage-in-the-left-orbitofrontal-cortex-ofc-nb-article">
            <title>5.2.5 Composition stage in the left Orbitofrontal Cortex
      (OFC)</title>
          </sec>
        </sec>
      </sec>
      <sec id="discussion-nb-article">
        <title>6 DISCUSSION</title>
        <sec id="early-form-based-decomposition-nb-article">
          <title>6.1 Early, Form-based Decomposition</title>
        </sec>
        <sec id="lexeme-lookup-nb-article">
          <title>6.2 Lexeme Lookup</title>
        </sec>
        <sec id="recombination-stages-nb-article">
          <title>6.3 Recombination Stages</title>
        </sec>
      </sec>
      <sec id="conclusion-nb-article">
        <title>7 Conclusion</title>
      </sec>
    </body>
    <back>
      <ref-list>
        <title>References</title>
        <ref id="ref-marrero2019-nb-article">
          <element-citation publication-type="article-journal">
            <person-group person-group-type="author">
              <name>
                <surname>Marrero</surname>
                <given-names>José</given-names>
              </name>
              <name>
                <surname>García</surname>
                <given-names>Alicia</given-names>
              </name>
              <name>
                <surname>Berrocoso</surname>
                <given-names>Manuel</given-names>
              </name>
              <name>
                <surname>Llinares</surname>
                <given-names>Ángeles</given-names>
              </name>
              <name>
                <surname>Rodríguez-Losada</surname>
                <given-names>Antonio</given-names>
              </name>
              <name>
                <surname>Ortiz</surname>
                <given-names>R.</given-names>
              </name>
            </person-group>
            <article-title>Strategies for the development of volcanic hazard maps in monogenetic volcanic fields: The example of La Palma (Canary Islands)</article-title>
            <source>Journal of Applied Volcanology</source>
            <year iso-8601-date="2019-07">2019</year>
            <month>07</month>
            <volume>8</volume>
            <pub-id pub-id-type="doi">10.1186/s13617-019-0085-5</pub-id>
            <fpage/>
            <lpage/>
          </element-citation>
        </ref>
      </ref-list>
    </back>
  </sub-article>
  <sub-article article-type="notebook" id="nb-2-nb-1">
    <front-stub>
      <title-group>
        <article-title>Explore Earthquakes</article-title>
      </title-group>
      <contrib-group>
        <contrib contrib-type="author">
          <name>
            <surname>Wickham</surname>
            <given-names>Charlotte</given-names>
          </name>
          <string-name>Charlotte Wickham</string-name>
        </contrib>
      </contrib-group>
    </front-stub>
    <body>
      <sec id="nb-code-cell-1-nb-1" specific-use="notebook-code">
        <code language="r script">library(tidyverse)
</code>
        <sec id="nb-code-cell-1-output-0-nb-1" specific-use="notebook-output">
          <preformat>── Attaching core tidyverse packages ──────────────────────── tidyverse 2.0.0 ──
✔ dplyr     1.1.3     ✔ readr     2.1.4
✔ forcats   1.0.0     ✔ stringr   1.5.0
✔ ggplot2   3.4.3     ✔ tibble    3.2.1
✔ lubridate 1.9.2     ✔ tidyr     1.3.0
✔ purrr     1.0.2     
── Conflicts ────────────────────────────────────────── tidyverse_conflicts() ──
✖ dplyr::filter() masks stats::filter()
✖ dplyr::lag()    masks stats::lag()
ℹ Use the conflicted package (&lt;http://conflicted.r-lib.org/&gt;) to force all conflicts to become errors</preformat>
        </sec>
      </sec>
      <p>Read a clean version of data:</p>
      <sec id="nb-code-cell-2-nb-1" specific-use="notebook-code">
        <code language="r script">la_palma &lt;- read_csv("la-palma.csv")
</code>
        <sec id="nb-code-cell-2-output-0-nb-1" specific-use="notebook-output">
          <preformat>Rows: 11347 Columns: 5
── Column specification ────────────────────────────────────────────────────────
Delimiter: ","
dbl  (4): Longitude, Latitude, Depth(km), Magnitude
dttm (1): DateTime

ℹ Use `spec()` to retrieve the full column specification for this data.
ℹ Specify the column types or set `show_col_types = FALSE` to quiet this message.</preformat>
        </sec>
      </sec>
      <p>Create spatial plot:</p>
      <sec id="cell-fig-spatial-plot-nb-1" specific-use="notebook-code">
        <code language="r script">#|   against longitude."
la_palma |&gt; 
  ggplot(aes(Longitude, Latitude)) +
  geom_point(aes(color = Magnitude, size = 40-`Depth(km)`)) +
  scale_color_viridis_c(direction = -1) + 
  scale_size(range = c(0.5, 2), guide = "none") +
  theme_bw()
</code>
        <fig id="fig-spatial-plot-nb-1">
          <caption>
            <p>Locations of earthquakes on La Palma since
  2017</p>
          </caption>
          <graphic mimetype="image" mime-subtype="png" xlink:href="explore-earthquakes_files/figure-jats/fig-spatial-plot-1.png"/>
        </fig>
      </sec>
    </body>
    <back>
</back>
  </sub-article>
</article>
