{
  "hash": "97b408a54c1e593eb25fa0f7a22ebb4b",
  "result": {
    "engine": "knitr",
    "markdown": "---\ntitle: SAVANT Bangla Experiment \nauthor:\n  - name: Swarnendu Moitra\n    orcid: 0000-0001-6830-3284\n    corresponding: true\n    email: s.moitra@qmul.ac.uk; swarnendu.moitra@gmail.com\n    roles:\n      - Investigation\n      - Project administration\n      - Software\n      - Visualization\n    affiliations:\n      - Queen Mary University of London\n  - name: Dustin A. Chacón\n    orcid: 0009-0002-8438-1914\n    corresponding: false\n    roles: []\n    affiliations:\n      - University of Georgia\n      - Neuroscience of Language Lab, New York University Abu Dhabi\n  - name: Linnaea Stockall\n    orcid: 0000-0002-4700-5154\n    corresponding: false\n    roles: []\n    affiliations:\n      - Queen Mary University of London\nkeywords:\n  - Bangla\n  - Neurolinguistics\nabstract: |\n  A key component of linguistic knowledge is the capacity to form and identify novel combinations of word stems and affixes, e.g., googleable (google + able). Behavioral and electrophysiological studies demonstrate that morphologically complex words are processed by initially decomposing them into their constituent parts, known as the EARLY FORM BASED DECOMPOSITION stage. Followed by morphological RECOMPOSITION which involves two distinct stages: checking the syntactic category of the stem followed by evaluating its semantic interpretation. Earlier reseach has focused primarily in verbal domain using derivational affixes. This study examines the visual word recognition of complex words in Bangla/ Bengali focusing on the derivational prefixes.\nplain-language-summary: |\n  Nominal prefixes in Bangla show reverse effects.\nkey-points:\n  - Reversal of violation effects\n  - Right Hemisphere analogues\ndate: last-modified\nbibliography: references.bib\ncitation:\n  container-title: PlosONE\nnumber-sections: true\n---\n\n::: {.cell}\n\n```{.r .cell-code .hidden}\nlibrary(\"tidyverse\")\n```\n\n::: {.cell-output .cell-output-stderr .hidden}\n\n```\n── Attaching core tidyverse packages ──────────────────────── tidyverse 2.0.0 ──\n✔ dplyr     1.1.4     ✔ readr     2.1.5\n✔ forcats   1.0.0     ✔ stringr   1.5.1\n✔ ggplot2   3.4.4     ✔ tibble    3.2.1\n✔ lubridate 1.9.3     ✔ tidyr     1.3.0\n✔ purrr     1.0.2     \n── Conflicts ────────────────────────────────────────── tidyverse_conflicts() ──\n✖ dplyr::filter() masks stats::filter()\n✖ dplyr::lag()    masks stats::lag()\nℹ Use the conflicted package (<http://conflicted.r-lib.org/>) to force all conflicts to become errors\n```\n\n\n:::\n\n```{.r .cell-code .hidden}\nlibrary(\"corrplot\")\n```\n\n::: {.cell-output .cell-output-stderr .hidden}\n\n```\ncorrplot 0.92 loaded\n```\n\n\n:::\n:::\n\n\n\n## Introduction\n\nIntroduction goes here, following [@stockall_2019_prefix; @neophytou_2018_syntactic]\n\nConsequently.\n\n## The Present Study\n\n## MATERIALS AND METHODS {#sec-data-methods}\n\n### Materials\n\n#### Behavioural experiment\n\n#### Tarkianen Localiser\n\n### Participants\n\n### Procedures\n\n## DATA ANALYSIS\n\n### Behavioural data\n\n### MEG data\n\n#### The Tarkiainen Localizer\n\n#### The Morphological processing experiment\n\n##### Grammatical Prefixed Words\n\n##### Pseudowords\n\n## RESULTS\n\n### Behavioral data\n\n#### Accuracy\n\n#### Reaction Time\n\n### MEG data\n\n#### Functional localizer\n\n#### Early, Form-based Decomposition in VWFA\n\n#### Lexeme look-up analysis\n\n##### Log Base Frequency in VWFA\n\n#### Licensing stage in the left temporal lobe\n\n#### Composition stage in the left Orbitofrontal Cortex (OFC)\n\n## DISCUSSION\n\n### Early, Form-based Decomposition\n\n### Lexeme Lookup\n\n### Recombination Stages\n\n## Conclusion\n\n## References {.unnumbered}\n\n::: {#refs}\n:::\n",
    "supporting": [
      "index_files/figure-docx"
    ],
    "filters": [
      "rmarkdown/pagebreak.lua"
    ],
    "includes": {},
    "engineDependencies": {},
    "preserve": null,
    "postProcess": false
  }
}