Participant,RT,ACC,Condition,Item.no,yesButton,Source,Prefix
5997836,722.3000000119209,1,Gramm,209,left,Prolific,duh
5997836,539.1999999880791,0,CatViol,18,left,Prolific,duh
5997836,670.5999999642372,1,SemViol,285,left,Prolific,proti
5997836,734,1,CatViol,53,left,Prolific,duh
5997836,617.7000000476837,0,SemViol,281,left,Prolific,proti
5997836,603.6999999880791,0,SemViol,288,left,Prolific,proti
5997836,1090.699999988079,1,SemViol,303,left,Prolific,duh
5997836,1129.699999988079,1,Gramm,186,left,Prolific,duh
5997836,783.3999999761581,1,Gramm,169,left,Prolific,duh
5997836,596.5,1,Gramm,173,left,Prolific,proti
5997836,783.5999999642372,0,CatViol,10,left,Prolific,duh
5997836,1942.199999988079,1,CatViol,75,left,Prolific,duh
5997836,1722.7999999523165,0,SemViol,243,left,Prolific,proti
5997836,1445.2000000476835,0,CatViol,36,left,Prolific,proti
5997836,1968.4000000357628,1,SemViol,266,left,Prolific,duh
5997836,1045.600000023842,1,SemViol,253,left,Prolific,duh
5997836,1905.300000011921,0,CatViol,5,left,Prolific,proti
5997836,717.5999999642372,0,SemViol,269,left,Prolific,duh
5997836,1324.199999988079,0,CatViol,54,left,Prolific,duh
5997836,1601,1,Gramm,223,left,Prolific,proti
5997836,795.0999999642372,0,CatViol,3,left,Prolific,duh
5997836,732.4000000357628,0,CatViol,23,left,Prolific,duh
5997836,1010.1999999880792,1,SemViol,252,left,Prolific,proti
5997836,1225.899999976158,1,Gramm,181,left,Prolific,duh
5997836,904.100000023842,1,SemViol,263,left,Prolific,duh
5997836,663.6999999880791,1,Gramm,211,left,Prolific,duh
5997836,759.0999999642372,0,CatViol,57,left,Prolific,proti
5997836,688.3999999761581,1,Gramm,202,left,Prolific,duh
5997836,976.5,1,CatViol,38,left,Prolific,proti
5997836,1063.7000000476835,0,CatViol,16,left,Prolific,proti
5997836,1000.9000000357628,1,CatViol,74,left,Prolific,proti
5997836,1403.300000011921,1,CatViol,27,left,Prolific,proti
5997836,1039.600000023842,1,CatViol,1,left,Prolific,proti
5997836,904.2999999523164,1,CatViol,72,left,Prolific,proti
5997836,692.1999999880791,1,SemViol,295,left,Prolific,duh
5997836,777,0,CatViol,33,left,Prolific,duh
5997836,759.8999999761581,1,SemViol,284,left,Prolific,duh
5997836,1114.4000000357628,1,CatViol,66,left,Prolific,duh
5997836,667.1999999880791,1,Gramm,199,left,Prolific,proti
5997836,730.9000000357628,0,SemViol,234,left,Prolific,duh
5997836,824.9000000357628,1,CatViol,56,left,Prolific,duh
5997836,560.3000000119209,0,CatViol,43,left,Prolific,proti
5997836,436.199999988079,0,CatViol,46,left,Prolific,proti
5997836,325.69999998807907,0,CatViol,48,left,Prolific,proti
5997836,282.80000001192093,0,SemViol,257,left,Prolific,duh
5997836,673.5,0,CatViol,61,left,Prolific,proti
5997836,1374.100000023842,0,Gramm,188,left,Prolific,proti
5997836,1188.899999976158,0,Gramm,196,left,Prolific,proti
5997836,744.3999999761581,0,SemViol,242,left,Prolific,proti
5997836,698.8999999761581,1,Gramm,177,left,Prolific,proti
5997836,798.5999999642372,0,SemViol,282,left,Prolific,duh
5997836,902.2000000476836,0,CatViol,47,left,Prolific,proti
5997836,1256.399999976158,1,SemViol,304,left,Prolific,proti
5997836,1055.699999988079,1,SemViol,300,left,Prolific,duh
5997836,1065.399999976158,0,CatViol,13,left,Prolific,duh
5997836,865.7000000476837,1,SemViol,293,left,Prolific,proti
5997836,910.899999976158,1,SemViol,241,left,Prolific,proti
5997836,716.8000000119209,1,Gramm,221,left,Prolific,duh
5997836,862.7000000476837,1,CatViol,49,left,Prolific,proti
5997836,761.3000000119209,1,CatViol,24,left,Prolific,proti
5997836,580,0,Gramm,175,left,Prolific,duh
5997836,1489.600000023842,0,SemViol,264,left,Prolific,proti
5997836,1065.800000011921,0,CatViol,21,left,Prolific,proti
5997836,1453,1,SemViol,262,left,Prolific,duh
5997836,1599,1,SemViol,275,left,Prolific,proti
5997836,1490,1,CatViol,32,left,Prolific,proti
5997836,835.8000000119209,1,Gramm,203,left,Prolific,duh
5997836,630,0,SemViol,267,left,Prolific,duh
5997836,713.7000000476837,0,SemViol,233,left,Prolific,duh
5997836,633.1000000238419,1,Gramm,215,left,Prolific,proti
5997836,770.1999999880791,1,CatViol,29,left,Prolific,duh
5997836,581.5,1,SemViol,254,left,Prolific,proti
5997836,986.3000000119208,1,CatViol,58,left,Prolific,duh
5997836,716.7000000476837,0,CatViol,55,left,Prolific,duh
5997836,703.5,0,CatViol,50,left,Prolific,duh
5997836,904.3000000119208,1,Gramm,192,left,Prolific,proti
5997836,987.3000000119208,1,CatViol,51,left,Prolific,proti
5997836,1291.199999988079,1,CatViol,59,left,Prolific,duh
5997836,694.5999999642372,1,CatViol,63,left,Prolific,proti
5997836,766.8999999761581,1,Gramm,222,left,Prolific,proti
5997836,544.4000000357628,0,SemViol,273,left,Prolific,duh
5997836,1211.899999976158,1,Gramm,205,left,Prolific,proti
5997836,1196.199999988079,0,CatViol,31,left,Prolific,proti
5997836,789.6000000238419,1,SemViol,248,left,Prolific,duh
5997836,1030.4000000357628,1,SemViol,260,left,Prolific,proti
5997836,831.1999999880791,1,Gramm,224,left,Prolific,proti
5997836,1357.5,1,CatViol,9,left,Prolific,duh
5997836,858.3000000119209,1,SemViol,289,left,Prolific,proti
5997836,788.7000000476837,1,Gramm,171,left,Prolific,proti
5997836,393.2000000476837,1,Gramm,193,left,Prolific,duh
5997836,853.3000000119209,1,SemViol,249,left,Prolific,proti
5997836,731.1999999880791,1,CatViol,39,left,Prolific,proti
5997836,802.8999999761581,1,CatViol,4,left,Prolific,proti
5997836,452.199999988079,0,SemViol,232,left,Prolific,duh
5997836,992.2999999523164,0,Gramm,219,left,Prolific,proti
5997836,627.9000000357628,1,Gramm,214,left,Prolific,duh
5997836,732.5,1,CatViol,64,left,Prolific,proti
5997836,1074.800000011921,1,Gramm,228,left,Prolific,proti
5997836,679.2000000476837,0,SemViol,230,left,Prolific,proti
5997836,1502.4000000357628,1,Gramm,216,left,Prolific,proti
5997836,719.5,0,SemViol,280,left,Prolific,proti
5997836,706.1999999880791,1,Gramm,195,left,Prolific,proti
5997836,1602.9000000357628,1,CatViol,2,left,Prolific,duh
5997836,1870.399999976158,1,Gramm,179,left,Prolific,duh
5997836,671.1999999880791,0,SemViol,298,left,Prolific,proti
5997836,863,1,SemViol,287,left,Prolific,duh
5997836,1905.300000011921,1,SemViol,231,left,Prolific,proti
5997836,1585.600000023842,1,CatViol,45,left,Prolific,duh
5997836,786.8000000119209,1,CatViol,42,left,Prolific,duh
5997836,706.8000000119209,1,Gramm,210,left,Prolific,duh
5997836,825,1,SemViol,301,left,Prolific,proti
5997836,593.3000000119209,1,SemViol,244,left,Prolific,proti
5997836,850.0999999642372,0,CatViol,15,left,Prolific,duh
5997836,745.8000000119209,1,CatViol,76,left,Prolific,proti
5997836,580.3000000119209,0,Gramm,218,left,Prolific,proti
5997836,688.5,0,CatViol,17,left,Prolific,duh
5997836,804.8000000119209,1,SemViol,276,left,Prolific,duh
5997836,735.5,0,SemViol,255,left,Prolific,duh
5997836,1016,0,SemViol,247,left,Prolific,proti
5997836,880.1999999880791,1,SemViol,251,left,Prolific,duh
5997836,619.0999999642372,1,Gramm,172,left,Prolific,proti
5997836,450.89999997615814,1,Gramm,204,left,Prolific,duh
5997836,333.89999997615814,0,SemViol,238,left,Prolific,proti
5997836,591,0,CatViol,70,left,Prolific,duh
5997836,599.8999999761581,0,CatViol,35,left,Prolific,duh
5997836,786.3999999761581,1,Gramm,176,left,Prolific,proti
5997836,480.0999999642372,1,Gramm,190,left,Prolific,proti
5997836,322.89999997615814,0,CatViol,68,left,Prolific,proti
5997836,501,0,SemViol,299,left,Prolific,duh
5997836,670,1,Gramm,212,left,Prolific,duh
5997836,661.1000000238419,1,Gramm,187,left,Prolific,proti
5997836,691.0999999642372,0,CatViol,19,left,Prolific,proti
5997836,1106.0999999642372,0,SemViol,256,left,Prolific,proti
5997836,623.5,0,SemViol,265,left,Prolific,proti
5997836,1099.5,1,SemViol,245,left,Prolific,proti
5997836,1476.600000023842,1,Gramm,189,left,Prolific,duh
5997836,1056.899999976158,1,SemViol,286,left,Prolific,proti
5997836,1012.1999999880792,0,CatViol,60,left,Prolific,duh
5997836,938.5,1,SemViol,261,left,Prolific,proti
5997836,1601.199999988079,1,Gramm,206,left,Prolific,proti
5997836,711.3999999761581,0,CatViol,12,left,Prolific,duh
5997836,911.1999999880792,1,SemViol,291,left,Prolific,duh
5997836,843.8999999761581,1,SemViol,277,left,Prolific,duh
5997836,518.9000000357628,0,CatViol,25,left,Prolific,duh
5997836,414,0,CatViol,7,left,Prolific,duh
5997836,1237.800000011921,0,CatViol,8,left,Prolific,duh
5997836,348,0,SemViol,283,left,Prolific,proti
5997836,455.89999997615814,0,CatViol,6,left,Prolific,proti
5997836,463.5,1,Gramm,207,left,Prolific,proti
5997836,603.8000000119209,0,CatViol,41,left,Prolific,duh
5997836,900.3999999761581,1,Gramm,182,left,Prolific,proti
5997836,237.30000001192093,0,SemViol,229,left,Prolific,duh
5997836,878.6000000238419,0,SemViol,237,left,Prolific,duh
5997836,629.6999999880791,1,Gramm,213,left,Prolific,duh
5997836,284.69999998807907,0,CatViol,37,left,Prolific,proti
5997836,210.19999998807907,1,Gramm,183,left,Prolific,duh
5997836,544.0999999642372,0,SemViol,259,left,Prolific,duh
5997836,777.6000000238419,0,CatViol,26,left,Prolific,proti
5997836,1464.0999999642372,0,SemViol,270,left,Prolific,proti
5997836,501.60000002384186,1,Gramm,225,left,Prolific,duh
5997836,658.9000000357628,0,SemViol,290,left,Prolific,duh
5997836,516.8000000119209,0,CatViol,30,left,Prolific,duh
5997836,430.5,0,SemViol,272,left,Prolific,proti
5997836,387.89999997615814,1,Gramm,184,left,Prolific,proti
5997836,372.9000000357628,0,SemViol,279,left,Prolific,proti
5997836,503,1,Gramm,170,left,Prolific,duh
5997836,276.39999997615814,0,SemViol,239,left,Prolific,duh
5997836,759.6999999880791,1,Gramm,185,left,Prolific,proti
5997836,381.5,0,SemViol,271,left,Prolific,duh
5997836,739,1,CatViol,62,left,Prolific,duh
5997836,442.0999999642372,0,CatViol,34,left,Prolific,proti
5997836,673.9000000357628,0,CatViol,73,left,Prolific,duh
5997836,790.5,1,Gramm,200,left,Prolific,proti
5997836,768.7000000476837,1,SemViol,268,left,Prolific,duh
5997836,355.39999997615814,0,SemViol,258,left,Prolific,proti
5997836,484.699999988079,0,SemViol,250,left,Prolific,duh
5997836,463.4000000357628,1,Gramm,226,left,Prolific,duh
5997836,440.300000011921,1,Gramm,217,left,Prolific,proti
5997836,451.2999999523163,0,SemViol,296,left,Prolific,duh
5997836,464.39999997615814,0,SemViol,302,left,Prolific,duh
5997836,421.699999988079,1,Gramm,201,left,Prolific,duh
5997836,244.79999995231628,0,CatViol,69,left,Prolific,proti
5997836,209.10000002384183,0,SemViol,274,left,Prolific,duh
5997836,327.5,0,SemViol,246,left,Prolific,proti
5997836,440,0,SemViol,297,left,Prolific,duh
5976580,1683,1,SemViol,284,left,Prolific,duh
5976580,1362.2000000476835,0,CatViol,51,left,Prolific,proti
5976580,1216,1,Gramm,209,left,Prolific,duh
5976580,1160.2999999523165,0,CatViol,33,left,Prolific,duh
5976580,1487,1,Gramm,219,left,Prolific,proti
5976580,816.2999999523163,0,CatViol,76,left,Prolific,proti
5976580,1102.5,1,Gramm,221,left,Prolific,duh
5976580,835.9000000953674,1,Gramm,205,left,Prolific,proti
5976580,1573.8000001907349,0,CatViol,49,left,Prolific,proti
5976580,1554.5,1,SemViol,304,left,Prolific,proti
5976580,1441.2000000476835,1,SemViol,279,left,Prolific,proti
5976580,586.8000001907349,0,SemViol,271,left,Prolific,duh
5976580,731.2000000476837,1,Gramm,186,left,Prolific,duh
5976580,1268.5999999046326,0,SemViol,298,left,Prolific,proti
5976580,1241.5,0,CatViol,18,left,Prolific,duh
5976580,1295.1999998092651,1,Gramm,179,left,Prolific,duh
5976580,730.0999999046326,0,SemViol,297,left,Prolific,duh
5976580,784.7999999523163,0,SemViol,248,left,Prolific,duh
5976580,1017.1999998092653,1,SemViol,230,left,Prolific,proti
5976580,970.7999999523164,1,CatViol,28,left,Prolific,duh
5976580,773.5,0,Gramm,173,left,Prolific,proti
5976580,694.3999998569489,1,Gramm,172,left,Prolific,proti
5976580,1010.5,1,SemViol,252,left,Prolific,proti
5976580,1104.6000001430511,1,Gramm,192,left,Prolific,proti
5976580,935.7999999523164,0,CatViol,7,left,Prolific,duh
5976580,902.9000000953674,0,SemViol,296,left,Prolific,duh
5976580,477.90000009536743,0,CatViol,29,left,Prolific,duh
5976580,852.5999999046326,0,Gramm,191,left,Prolific,proti
5976580,609.7999999523163,0,SemViol,256,left,Prolific,proti
5976580,558.2999999523163,0,CatViol,54,left,Prolific,duh
5976580,441.2999999523163,0,SemViol,237,left,Prolific,duh
5976580,407.90000009536743,1,Gramm,195,left,Prolific,proti
5976580,417.2000000476837,0,SemViol,249,left,Prolific,proti
5976580,368,1,Gramm,220,left,Prolific,proti
5976580,366,1,Gramm,187,left,Prolific,proti
5976580,444.59999990463257,1,Gramm,208,left,Prolific,proti
5976580,370,1,Gramm,214,left,Prolific,duh
5976580,510,0,SemViol,281,left,Prolific,proti
5976580,583.2000000476837,0,CatViol,45,left,Prolific,duh
5976580,950.7000000476836,1,Gramm,212,left,Prolific,duh
5976580,438.40000009536743,0,CatViol,21,left,Prolific,proti
5976580,384.59999990463257,1,Gramm,196,left,Prolific,proti
5976580,526.6999998092651,0,SemViol,278,left,Prolific,duh
5976580,389.90000009536743,0,SemViol,253,left,Prolific,duh
5976580,483.59999990463257,0,SemViol,263,left,Prolific,duh
5976580,377.89999985694885,0,CatViol,6,left,Prolific,proti
5976580,496,1,SemViol,245,left,Prolific,proti
5976580,642.5,0,CatViol,74,left,Prolific,proti
5976580,681.5,0,SemViol,291,left,Prolific,duh
5976580,619.8999998569489,0,SemViol,232,left,Prolific,duh
5976580,700.2000000476837,1,Gramm,223,left,Prolific,proti
5976580,755.7999999523163,1,Gramm,180,left,Prolific,proti
5976580,439.59999990463257,0,CatViol,52,left,Prolific,duh
5976580,323.80000019073486,0,CatViol,16,left,Prolific,proti
5976580,565.1000001430511,0,SemViol,244,left,Prolific,proti
5976580,645.2999999523163,0,CatViol,39,left,Prolific,proti
5976580,724.2000000476837,0,SemViol,302,left,Prolific,duh
5976580,1001.2999999523164,0,CatViol,36,left,Prolific,proti
5976580,535.5,1,Gramm,216,left,Prolific,proti
5976580,539.4000000953674,0,SemViol,276,left,Prolific,duh
5976580,465.90000009536743,0,SemViol,270,left,Prolific,proti
5976580,507.2000000476837,0,SemViol,295,left,Prolific,duh
5976580,365,0,CatViol,66,left,Prolific,duh
5976580,372.7000000476837,0,SemViol,282,left,Prolific,duh
5976580,313.69999980926514,0,CatViol,23,left,Prolific,duh
5976580,367.60000014305115,1,Gramm,213,left,Prolific,duh
5976580,339.7000000476837,0,SemViol,258,left,Prolific,proti
5976580,358.09999990463257,0,SemViol,290,left,Prolific,duh
5976580,382.2000000476837,0,SemViol,300,left,Prolific,duh
5976580,344.90000009536743,0,SemViol,294,left,Prolific,duh
5976580,368.30000019073486,0,SemViol,269,left,Prolific,duh
5976580,278.60000014305115,0,SemViol,292,left,Prolific,proti
5976580,420.60000014305115,0,CatViol,70,left,Prolific,duh
5976580,520.5,1,SemViol,231,left,Prolific,proti
5976580,224.20000004768372,1,Gramm,215,left,Prolific,proti
5976580,275.19999980926514,0,CatViol,43,left,Prolific,proti
5976580,404.60000014305115,0,CatViol,56,left,Prolific,duh
5976580,388.30000019073486,0,SemViol,229,left,Prolific,duh
5976580,351.09999990463257,1,Gramm,183,left,Prolific,duh
5976580,362.2999999523163,1,Gramm,181,left,Prolific,duh
5976580,433.60000014305115,0,CatViol,5,left,Prolific,proti
5976580,1188.5999999046326,0,CatViol,10,left,Prolific,duh
5976580,1132.5999999046326,0,SemViol,266,left,Prolific,duh
5976580,642.4000000953674,0,SemViol,233,left,Prolific,duh
5976580,612.7999999523163,0,CatViol,2,left,Prolific,duh
5976580,727.3999998569489,1,SemViol,234,left,Prolific,duh
5976580,994.1000001430511,1,SemViol,301,left,Prolific,proti
5976580,1078.5,1,SemViol,265,left,Prolific,proti
5976580,772.7000000476837,0,CatViol,12,left,Prolific,duh
5976580,667.6999998092651,0,SemViol,239,left,Prolific,duh
5976580,782.6000001430511,0,CatViol,34,left,Prolific,proti
5976580,500.7000000476837,0,CatViol,8,left,Prolific,duh
5976580,515.2000000476837,1,Gramm,200,left,Prolific,proti
5976580,615.6000001430511,0,CatViol,25,left,Prolific,duh
5976580,980,0,Gramm,210,left,Prolific,duh
5976580,535.5999999046326,1,Gramm,199,left,Prolific,proti
5976580,586.0999999046326,0,SemViol,293,left,Prolific,proti
5976580,449,0,CatViol,47,left,Prolific,proti
5976580,1204.5,1,Gramm,184,left,Prolific,proti
5976580,1092.5,1,Gramm,217,left,Prolific,proti
5976580,1049.8999998569489,0,Gramm,206,left,Prolific,proti
5976580,1341.8000001907349,1,SemViol,288,left,Prolific,proti
5976580,865.2000000476837,1,SemViol,262,left,Prolific,duh
5976580,1185.2999999523165,0,CatViol,15,left,Prolific,duh
5976580,817.1000001430511,1,CatViol,53,left,Prolific,duh
5976580,915.2000000476836,1,Gramm,170,left,Prolific,duh
5976580,1052.9000000953674,1,Gramm,194,left,Prolific,proti
5976580,1731.1000001430511,1,Gramm,178,left,Prolific,duh
5976580,1218.4000000953674,1,Gramm,211,left,Prolific,duh
5976580,1279.9000000953674,1,CatViol,24,left,Prolific,proti
5976580,1122.5,1,Gramm,177,left,Prolific,proti
5976580,994,0,CatViol,42,left,Prolific,duh
5976580,1187.7999999523165,1,SemViol,260,left,Prolific,proti
5976580,924.3999998569489,0,CatViol,60,left,Prolific,duh
5976580,998.5999999046326,0,SemViol,272,left,Prolific,proti
5976580,774.7999999523163,0,SemViol,257,left,Prolific,duh
5976580,1320.5,1,CatViol,38,left,Prolific,proti
5976580,741.5,1,Gramm,193,left,Prolific,duh
5976580,617.3000001907349,0,SemViol,247,left,Prolific,proti
5976580,634.8999998569489,1,Gramm,197,left,Prolific,duh
5976580,461.69999980926514,1,Gramm,225,left,Prolific,duh
5976580,418.5,0,CatViol,26,left,Prolific,proti
5976580,444.2999999523163,0,CatViol,32,left,Prolific,proti
5976580,471.7999999523163,1,Gramm,226,left,Prolific,duh
5976580,400.59999990463257,0,CatViol,68,left,Prolific,proti
5976580,785.3999998569489,1,SemViol,250,left,Prolific,duh
5976580,1081.2000000476835,1,CatViol,14,left,Prolific,proti
5976580,730.7999999523163,0,Gramm,182,left,Prolific,proti
5976580,863,1,CatViol,55,left,Prolific,duh
5976580,463.2999999523163,0,SemViol,287,left,Prolific,duh
5976580,751.1000001430511,1,SemViol,299,left,Prolific,duh
5976580,844,0,CatViol,71,left,Prolific,duh
5976580,650.5,0,SemViol,235,left,Prolific,proti
5976580,588.4000000953674,1,SemViol,236,left,Prolific,proti
5976580,477.39999985694885,1,SemViol,261,left,Prolific,proti
5976580,516.7000000476837,0,CatViol,59,left,Prolific,duh
5976580,753.8999998569489,0,SemViol,286,left,Prolific,proti
5976580,494.2999999523163,1,Gramm,169,left,Prolific,duh
5976580,326.7000000476837,0,SemViol,242,left,Prolific,proti
5976580,704.8999998569489,0,CatViol,48,left,Prolific,proti
5976580,617.3999998569489,1,Gramm,218,left,Prolific,proti
5976580,648.2999999523163,1,CatViol,41,left,Prolific,duh
5976580,786.2000000476837,1,Gramm,188,left,Prolific,proti
5976580,792.6999998092651,0,CatViol,46,left,Prolific,proti
5976580,935,1,CatViol,35,left,Prolific,duh
5976580,984.2000000476836,0,SemViol,267,left,Prolific,duh
5976580,1092.5,0,SemViol,273,left,Prolific,duh
5976580,875.4000000953674,1,Gramm,207,left,Prolific,proti
5976580,504,1,Gramm,185,left,Prolific,proti
5976580,691,0,CatViol,11,left,Prolific,proti
5976580,477.7999999523163,0,CatViol,62,left,Prolific,duh
5976580,601.8999998569489,0,SemViol,285,left,Prolific,proti
5976580,424.60000014305115,1,Gramm,189,left,Prolific,duh
5976580,546.1000001430511,0,SemViol,238,left,Prolific,proti
5976580,546.3999998569489,0,CatViol,17,left,Prolific,duh
5976580,436.09999990463257,0,SemViol,275,left,Prolific,proti
5976580,463.60000014305115,0,CatViol,61,left,Prolific,proti
5976580,527.5999999046326,0,SemViol,254,left,Prolific,proti
5976580,380.2000000476837,0,SemViol,283,left,Prolific,proti
5976580,479.89999985694885,0,SemViol,246,left,Prolific,proti
5976580,623.1999998092651,0,CatViol,20,left,Prolific,proti
5976580,493.5,0,CatViol,9,left,Prolific,duh
5976580,759.2000000476837,1,CatViol,44,left,Prolific,proti
5976580,766.4000000953674,0,Gramm,227,left,Prolific,duh
5976580,867.5999999046326,1,SemViol,241,left,Prolific,proti
5976580,910.9000000953674,0,CatViol,30,left,Prolific,duh
5976580,698.6000001430511,0,SemViol,240,left,Prolific,proti
5976580,482.80000019073486,0,SemViol,280,left,Prolific,proti
5976580,495.2999999523163,1,Gramm,190,left,Prolific,proti
5976580,377.09999990463257,0,CatViol,67,left,Prolific,duh
5976580,373.09999990463257,0,CatViol,75,left,Prolific,duh
5976580,414.7999999523163,0,SemViol,255,left,Prolific,duh
5976580,521.7000000476837,0,CatViol,13,left,Prolific,duh
5976580,360.40000009536743,1,Gramm,204,left,Prolific,duh
5976580,396.7000000476837,1,Gramm,176,left,Prolific,proti
5976580,459.90000009536743,0,SemViol,251,left,Prolific,duh
5976580,438.2000000476837,0,SemViol,264,left,Prolific,proti
5976580,424.5,1,Gramm,222,left,Prolific,proti
5976580,437.5,0,CatViol,50,left,Prolific,duh
5976580,518.0999999046326,1,Gramm,198,left,Prolific,proti
5976580,342.89999985694885,0,CatViol,63,left,Prolific,proti
5976580,501.10000014305115,1,Gramm,201,left,Prolific,duh
5976580,429.7999999523163,1,Gramm,203,left,Prolific,duh
5976580,444,1,Gramm,171,left,Prolific,proti
5976580,356.7000000476837,0,CatViol,69,left,Prolific,proti
5976580,469.39999985694885,0,SemViol,259,left,Prolific,duh
5976580,308.80000019073486,0,CatViol,65,left,Prolific,duh
5976580,395.2000000476837,0,CatViol,64,left,Prolific,proti
5976580,326.5,0,CatViol,37,left,Prolific,proti
5976580,407.59999990463257,0,CatViol,3,left,Prolific,duh
5976580,473.59999990463257,1,Gramm,202,left,Prolific,duh
5976580,465.40000009536743,1,Gramm,175,left,Prolific,duh
5976580,319.10000014305115,0,SemViol,277,left,Prolific,duh
5976580,431.09999990463257,0,SemViol,243,left,Prolific,proti
5976580,378.2999999523163,0,CatViol,58,left,Prolific,duh
5976580,387.90000009536743,0,CatViol,27,left,Prolific,proti
5976580,390.7000000476837,0,SemViol,303,left,Prolific,duh
5976580,330.60000014305115,0,CatViol,57,left,Prolific,proti
5976580,438.59999990463257,0,CatViol,22,left,Prolific,proti
5976580,289.2000000476837,0,CatViol,31,left,Prolific,proti
5976580,344.09999990463257,0,CatViol,1,left,Prolific,proti
5976580,388.59999990463257,0,SemViol,289,left,Prolific,proti
5976580,507.7999999523163,0,CatViol,4,left,Prolific,proti
5976580,608.8000001907349,0,SemViol,268,left,Prolific,duh
5976580,656.7000000476837,1,Gramm,228,left,Prolific,proti
5976580,515.5,0,CatViol,19,left,Prolific,proti
5976580,496.69999980926514,0,CatViol,73,left,Prolific,duh
5976580,623,1,CatViol,40,left,Prolific,proti
5976580,457.89999985694885,1,Gramm,224,left,Prolific,proti
5976580,545.9000000953674,0,CatViol,72,left,Prolific,proti
5976580,415.2000000476837,1,Gramm,174,left,Prolific,duh
6041906,802.8000000119209,0,CatViol,24,right,Prolific,proti
6041906,1280.5999999642372,1,CatViol,39,right,Prolific,proti
6041906,933.6999999880792,0,CatViol,12,right,Prolific,duh
6041906,1172.5,0,CatViol,76,right,Prolific,proti
6041906,853.5,0,CatViol,64,right,Prolific,proti
6041906,838,0,CatViol,13,right,Prolific,duh
6041906,1553.5,0,SemViol,296,right,Prolific,duh
6041906,1366.600000023842,1,Gramm,227,right,Prolific,duh
6041906,1240.5999999642372,0,CatViol,29,right,Prolific,duh
6041906,1168,1,Gramm,187,right,Prolific,proti
6041906,874.6000000238419,0,CatViol,44,right,Prolific,proti
6041906,1064.100000023842,1,SemViol,276,right,Prolific,duh
6041906,1110.699999988079,0,SemViol,262,right,Prolific,duh
6041906,690.3000000119209,0,SemViol,290,right,Prolific,duh
6041906,1037.9000000357628,0,CatViol,45,right,Prolific,duh
6041906,969.8000000119208,0,CatViol,28,right,Prolific,duh
6041906,679.4000000357628,0,SemViol,300,right,Prolific,duh
6041906,881.5,0,CatViol,36,right,Prolific,proti
6041906,1000,0,CatViol,4,right,Prolific,proti
6041906,1016.9000000357628,0,SemViol,261,right,Prolific,proti
6041906,1060.5,0,SemViol,251,right,Prolific,duh
6041906,784.2000000476837,0,SemViol,297,right,Prolific,duh
6041906,1416.899999976158,1,SemViol,260,right,Prolific,proti
6041906,1264.5,0,SemViol,294,right,Prolific,duh
6041906,1754.5999999642372,0,SemViol,247,right,Prolific,proti
6041906,1029.600000023842,0,SemViol,298,right,Prolific,proti
6041906,1395,0,CatViol,48,right,Prolific,proti
6041906,1129.300000011921,0,SemViol,275,right,Prolific,proti
6041906,1225.100000023842,0,CatViol,8,right,Prolific,duh
6041906,870.7999999523163,0,SemViol,285,right,Prolific,proti
6041906,1081,0,SemViol,299,right,Prolific,duh
6041906,921.399999976158,0,SemViol,264,right,Prolific,proti
6041906,582.8000000119209,1,Gramm,176,right,Prolific,proti
6041906,1171.899999976158,0,CatViol,71,right,Prolific,duh
6041906,748.3000000119209,1,Gramm,222,right,Prolific,proti
6041906,708,0,SemViol,280,right,Prolific,proti
6041906,1063.399999976158,0,SemViol,277,right,Prolific,duh
6041906,707.8000000119209,1,Gramm,209,right,Prolific,duh
6041906,801.1999999880791,0,CatViol,6,right,Prolific,proti
6041906,835,1,Gramm,205,right,Prolific,proti
6041906,891,0,SemViol,258,right,Prolific,proti
6041906,1222.0999999642372,1,Gramm,214,right,Prolific,duh
6041906,1277,0,SemViol,236,right,Prolific,proti
6041906,1392.5,0,SemViol,303,right,Prolific,duh
6041906,1030.4000000357628,1,CatViol,14,right,Prolific,proti
6041906,987.600000023842,1,Gramm,212,right,Prolific,duh
6041906,931.2999999523164,0,CatViol,40,right,Prolific,proti
6041906,730.1999999880791,1,Gramm,215,right,Prolific,proti
6041906,1081.199999988079,1,Gramm,180,right,Prolific,proti
6041906,1146.100000023842,0,Gramm,186,right,Prolific,duh
6041906,938.3000000119208,0,SemViol,253,right,Prolific,duh
6041906,1510.399999976158,0,SemViol,302,right,Prolific,duh
6041906,1281.5,0,SemViol,282,right,Prolific,duh
6041906,930.899999976158,0,SemViol,293,right,Prolific,proti
6041906,752.8000000119209,0,CatViol,57,right,Prolific,proti
6041906,673.8000000119209,0,CatViol,17,right,Prolific,duh
6041906,782.8000000119209,0,SemViol,287,right,Prolific,duh
6041906,846,1,Gramm,178,right,Prolific,duh
6041906,1234.300000011921,0,CatViol,46,right,Prolific,proti
6041906,753.8000000119209,1,Gramm,181,right,Prolific,duh
6041906,722.1999999880791,0,SemViol,271,right,Prolific,duh
6041906,1396.7000000476835,1,SemViol,243,right,Prolific,proti
6041906,707.2000000476837,1,Gramm,199,right,Prolific,proti
6041906,779.1999999880791,0,SemViol,288,right,Prolific,proti
6041906,1046.2999999523165,0,SemViol,283,right,Prolific,proti
6041906,834,1,SemViol,281,right,Prolific,proti
6041906,698.8999999761581,0,CatViol,34,right,Prolific,proti
6041906,845.5999999642372,0,CatViol,53,right,Prolific,duh
6041906,642,1,Gramm,169,right,Prolific,duh
6041906,965.1999999880792,0,CatViol,37,right,Prolific,proti
6041906,875.4000000357628,0,CatViol,58,right,Prolific,duh
6041906,1217.2999999523165,0,CatViol,70,right,Prolific,duh
6041906,1322.600000023842,1,Gramm,190,right,Prolific,proti
6041906,824.6000000238419,1,Gramm,183,right,Prolific,duh
6041906,975.6999999880792,0,CatViol,47,right,Prolific,proti
6041906,742.7999999523163,0,SemViol,244,right,Prolific,proti
6041906,1174.199999988079,0,SemViol,301,right,Prolific,proti
6041906,902.7000000476836,0,SemViol,284,right,Prolific,duh
6041906,864,0,SemViol,252,right,Prolific,proti
6041906,1076.4000000357628,1,Gramm,189,right,Prolific,duh
6041906,681.5,0,CatViol,2,right,Prolific,duh
6041906,651.4000000357628,0,SemViol,272,right,Prolific,proti
6041906,820,0,SemViol,279,right,Prolific,proti
6041906,1501.399999976158,0,SemViol,238,right,Prolific,proti
6041906,784.1000000238419,0,SemViol,289,right,Prolific,proti
6041906,973.6999999880792,1,Gramm,200,right,Prolific,proti
6041906,830.9000000357628,1,Gramm,195,right,Prolific,proti
6041906,913.899999976158,0,SemViol,237,right,Prolific,duh
6041906,668.0999999642372,1,Gramm,210,right,Prolific,duh
6041906,740.1000000238419,0,SemViol,269,right,Prolific,duh
6041906,750.8000000119209,1,Gramm,225,right,Prolific,duh
6041906,904.2000000476836,1,Gramm,223,right,Prolific,proti
6041906,772.5,0,CatViol,68,right,Prolific,proti
6041906,751.0999999642372,1,Gramm,208,right,Prolific,proti
6041906,640.8000000119209,0,SemViol,231,right,Prolific,proti
6041906,582.3000000119209,0,CatViol,42,right,Prolific,duh
6041906,914.8000000119208,0,CatViol,30,right,Prolific,duh
6041906,848.8000000119209,0,SemViol,267,right,Prolific,duh
6041906,1085.9000000357628,0,CatViol,55,right,Prolific,duh
6041906,797.9000000357628,0,SemViol,241,right,Prolific,proti
6041906,536.5999999642372,1,Gramm,193,right,Prolific,duh
6041906,574.1000000238419,0,CatViol,21,right,Prolific,proti
6041906,416.4000000357628,1,Gramm,194,right,Prolific,proti
6041906,581.6999999880791,0,SemViol,268,right,Prolific,duh
6041906,731.8000000119209,1,Gramm,213,right,Prolific,duh
6041906,521.5,0,CatViol,22,right,Prolific,proti
6041906,569.5,1,Gramm,170,right,Prolific,duh
6041906,576.6999999880791,0,SemViol,304,right,Prolific,proti
6041906,670,0,SemViol,273,right,Prolific,duh
6041906,501.699999988079,0,SemViol,250,right,Prolific,duh
6041906,531,1,Gramm,206,right,Prolific,proti
6041906,803.8000000119209,1,Gramm,219,right,Prolific,proti
6041906,784,1,Gramm,218,right,Prolific,proti
6041906,531.3000000119209,0,CatViol,7,right,Prolific,duh
6041906,642,0,CatViol,27,right,Prolific,proti
6041906,893,0,CatViol,59,right,Prolific,duh
6041906,1046.899999976158,0,CatViol,72,right,Prolific,proti
6041906,1163.100000023842,0,CatViol,1,right,Prolific,proti
6041906,702,0,SemViol,266,right,Prolific,duh
6041906,1007.899999976158,0,CatViol,54,right,Prolific,duh
6041906,1060.5,1,Gramm,174,right,Prolific,duh
6041906,593.6999999880791,0,CatViol,43,right,Prolific,proti
6041906,870.4000000357628,0,CatViol,49,right,Prolific,proti
6041906,616.4000000357628,0,CatViol,69,right,Prolific,proti
6041906,568.7000000476837,0,SemViol,265,right,Prolific,proti
6041906,722.8000000119209,1,Gramm,211,right,Prolific,duh
6041906,631.1999999880791,1,Gramm,221,right,Prolific,duh
6041906,579.1999999880791,0,CatViol,11,right,Prolific,proti
6041906,694.6999999880791,1,Gramm,220,right,Prolific,proti
6041906,599.5,0,CatViol,38,right,Prolific,proti
6041906,593.7000000476837,0,SemViol,263,right,Prolific,duh
6041906,1266.399999976158,1,SemViol,257,right,Prolific,duh
6041906,727.5,1,Gramm,177,right,Prolific,proti
6041906,587.5,0,SemViol,233,right,Prolific,duh
6041906,963.899999976158,0,CatViol,35,right,Prolific,duh
6041906,527.9000000357628,1,Gramm,204,right,Prolific,duh
6041906,583,1,Gramm,184,right,Prolific,proti
6041906,531.5999999642372,0,CatViol,19,right,Prolific,proti
6041906,981.3000000119208,0,CatViol,66,right,Prolific,duh
6041906,525.5999999642372,1,Gramm,197,right,Prolific,duh
6041906,611.6000000238419,0,SemViol,235,right,Prolific,proti
6041906,1043.199999988079,0,CatViol,67,right,Prolific,duh
6041906,650.7999999523163,0,SemViol,249,right,Prolific,proti
6041906,1086.300000011921,0,CatViol,9,right,Prolific,duh
6041906,696,1,Gramm,191,right,Prolific,proti
6041906,641.3999999761581,1,Gramm,203,right,Prolific,duh
6041906,613.6999999880791,0,CatViol,18,right,Prolific,duh
6041906,455.800000011921,0,SemViol,232,right,Prolific,duh
6041906,451.5999999642372,0,SemViol,291,right,Prolific,duh
6041906,667.8000000119209,0,CatViol,65,right,Prolific,duh
6041906,537.8999999761581,0,SemViol,256,right,Prolific,proti
6041906,630.3000000119209,0,CatViol,73,right,Prolific,duh
6041906,604.5999999642372,0,SemViol,239,right,Prolific,duh
6041906,1154,0,CatViol,61,right,Prolific,proti
6041906,581.9000000357628,0,SemViol,270,right,Prolific,proti
6041906,353.0999999642372,0,CatViol,74,right,Prolific,proti
6041906,675.9000000357628,0,SemViol,274,right,Prolific,duh
6041906,662.5,0,SemViol,278,right,Prolific,duh
6041906,622.6000000238419,0,CatViol,60,right,Prolific,duh
6041906,459.199999988079,0,SemViol,245,right,Prolific,proti
6041906,644.6999999880791,0,CatViol,41,right,Prolific,duh
6041906,469.800000011921,1,Gramm,192,right,Prolific,proti
6041906,717.6999999880791,0,CatViol,50,right,Prolific,duh
6041906,518.5,0,CatViol,3,right,Prolific,duh
6041906,468.39999997615814,0,SemViol,240,right,Prolific,proti
6041906,288.10000002384186,0,SemViol,292,right,Prolific,proti
6041906,420.89999997615814,1,Gramm,228,right,Prolific,proti
6041906,263.5,0,SemViol,248,right,Prolific,duh
6041906,262.39999997615814,0,CatViol,75,right,Prolific,duh
6041906,486.60000002384186,0,CatViol,16,right,Prolific,proti
6041906,371.89999997615814,1,CatViol,20,right,Prolific,proti
6041906,307.69999998807907,1,Gramm,196,right,Prolific,proti
6041906,646.8000000119209,0,CatViol,63,right,Prolific,proti
6041906,585.8000000119209,0,SemViol,286,right,Prolific,proti
6041906,750.4000000357628,0,SemViol,254,right,Prolific,proti
6041906,296.0999999642372,0,CatViol,15,right,Prolific,duh
6041906,354.69999998807907,1,Gramm,207,right,Prolific,proti
6041906,473.39999997615814,0,CatViol,33,right,Prolific,duh
6041906,294.89999997615814,1,Gramm,179,right,Prolific,duh
6041906,267.5,1,Gramm,188,right,Prolific,proti
6041906,290.2000000476837,1,Gramm,226,right,Prolific,duh
6041906,789.8999999761581,1,Gramm,201,right,Prolific,duh
6041906,328,0,CatViol,25,right,Prolific,duh
6041906,328.80000001192093,0,SemViol,246,right,Prolific,proti
6041906,1744.399999976158,1,Gramm,175,right,Prolific,duh
6041906,277.5,1,Gramm,172,right,Prolific,proti
6041906,264.9000000357628,0,SemViol,255,right,Prolific,duh
6041906,424.39999997615814,1,Gramm,185,right,Prolific,proti
6041906,1961.100000023842,0,SemViol,230,right,Prolific,proti
6041906,414.39999997615814,0,CatViol,26,right,Prolific,proti
6041906,613.6000000238419,0,CatViol,23,right,Prolific,duh
6041906,703.1000000238419,0,CatViol,31,right,Prolific,proti
6041906,708.1999999880791,1,Gramm,171,right,Prolific,proti
6041906,979,1,Gramm,216,right,Prolific,proti
6041906,253,1,Gramm,182,right,Prolific,proti
6041906,390.800000011921,0,CatViol,5,right,Prolific,proti
6041906,273.30000001192093,0,SemViol,229,right,Prolific,duh
6041906,364.39999997615814,0,CatViol,56,right,Prolific,duh
6041906,855.8000000119209,0,SemViol,234,right,Prolific,duh
6041906,300.2999999523163,0,CatViol,10,right,Prolific,duh
6041906,350.80000001192093,1,Gramm,198,right,Prolific,proti
6041906,804.1999999880791,0,SemViol,295,right,Prolific,duh
6041906,582.8000000119209,1,Gramm,202,right,Prolific,duh
6384564,1133.7000000029802,1,SemViol,291,left,mTurk,duh
6384564,1272.2999999970198,1,Gramm,210,left,mTurk,duh
6384564,1285.89999999851,1,Gramm,170,left,mTurk,duh
6384564,1196.199999999255,1,Gramm,200,left,mTurk,proti
6384564,1828,1,SemViol,294,left,mTurk,duh
6384564,1398.9000000022352,1,CatViol,20,left,mTurk,proti
6384564,1343.199999999255,1,CatViol,40,left,mTurk,proti
6384564,1442.10000000149,1,CatViol,22,left,mTurk,proti
6384564,1411.39999999851,1,Gramm,203,left,mTurk,duh
6384564,1430.10000000149,0,SemViol,238,left,mTurk,proti
6384564,1770.5,0,SemViol,277,left,mTurk,duh
6384564,1140.89999999851,1,Gramm,177,left,mTurk,proti
6384564,1081.60000000149,1,SemViol,229,left,mTurk,duh
6384564,1272.800000000745,1,Gramm,196,left,mTurk,proti
6384564,1839.5,1,CatViol,23,left,mTurk,duh
6384564,1428.800000000745,1,CatViol,3,left,mTurk,duh
6384564,818,1,Gramm,209,left,mTurk,duh
6384564,1782.699999999255,1,CatViol,61,left,mTurk,proti
6384564,1154.800000000745,0,CatViol,69,left,mTurk,proti
6384564,1072.5999999977648,1,SemViol,289,left,mTurk,proti
6384564,935,1,Gramm,214,left,mTurk,duh
6384564,792.3999999985099,1,Gramm,172,left,mTurk,proti
6384564,1158.300000000745,1,Gramm,179,left,mTurk,duh
6384564,1171.699999999255,0,SemViol,266,left,mTurk,duh
6384564,1110.0999999977648,0,CatViol,68,left,mTurk,proti
6384564,1369.4000000022352,1,SemViol,284,left,mTurk,duh
6384564,966.39999999851,0,SemViol,269,left,mTurk,duh
6384564,1066.39999999851,0,CatViol,10,left,mTurk,duh
6384564,1228,1,Gramm,211,left,mTurk,duh
6384564,1765.199999999255,0,CatViol,31,left,mTurk,proti
6384564,795.8000000007451,0,CatViol,66,left,mTurk,duh
6384564,897.8999999985099,1,Gramm,215,left,mTurk,proti
6384564,737.9000000022352,1,Gramm,173,left,mTurk,proti
6384564,1197.199999999255,0,CatViol,28,left,mTurk,duh
6384564,1082.60000000149,1,Gramm,205,left,mTurk,proti
6384564,1878.199999999255,1,SemViol,292,left,mTurk,proti
6384564,1395.2000000029802,0,SemViol,279,left,mTurk,proti
6384564,1127.7000000029802,0,SemViol,271,left,mTurk,duh
6384564,1608.10000000149,1,CatViol,35,left,mTurk,duh
6384564,1466.5,1,CatViol,64,left,mTurk,proti
6384564,879.0999999977648,0,CatViol,33,left,mTurk,duh
6384564,1456.9000000022352,1,CatViol,74,left,mTurk,proti
6384564,1616.5999999977648,1,Gramm,218,left,mTurk,proti
6384564,1165,0,CatViol,63,left,mTurk,proti
6384564,1264,1,SemViol,280,left,mTurk,proti
6384564,1236,1,SemViol,304,left,mTurk,proti
6384564,1045.10000000149,0,SemViol,283,left,mTurk,proti
6384564,1546,0,SemViol,246,left,mTurk,proti
6384564,1171,0,CatViol,47,left,mTurk,proti
6384564,1188.5,1,SemViol,231,left,mTurk,proti
6384564,1490.199999999255,1,Gramm,217,left,mTurk,proti
6384564,996,1,Gramm,204,left,mTurk,duh
6384564,1597.10000000149,1,SemViol,230,left,mTurk,proti
6384564,913,0,CatViol,67,left,mTurk,duh
6384564,1178,0,SemViol,296,left,mTurk,duh
6384564,1068.10000000149,0,CatViol,26,left,mTurk,proti
6384564,1433.300000000745,1,Gramm,223,left,mTurk,proti
6384564,954.60000000149,0,SemViol,278,left,mTurk,duh
6384564,858.5,0,CatViol,13,left,mTurk,duh
6384564,1834.5999999977648,1,CatViol,59,left,mTurk,duh
6384564,816.3000000007451,1,Gramm,176,left,mTurk,proti
6384564,918.3000000007452,0,SemViol,235,left,mTurk,proti
6384564,667.4000000022352,1,Gramm,195,left,mTurk,proti
6384564,738.2999999970198,0,SemViol,240,left,mTurk,proti
6384564,1508.699999999255,1,Gramm,191,left,mTurk,proti
6384564,1071.300000000745,1,SemViol,286,left,mTurk,proti
6384564,1253.800000000745,1,SemViol,244,left,mTurk,proti
6384564,1651.5,1,SemViol,299,left,mTurk,duh
6384564,1365.10000000149,1,SemViol,261,left,mTurk,proti
6384564,1344.800000000745,0,SemViol,282,left,mTurk,duh
6384564,1679.800000000745,0,CatViol,43,left,mTurk,proti
6384564,1102.2000000029802,0,CatViol,19,left,mTurk,proti
6384564,1640.9000000022352,0,SemViol,243,left,mTurk,proti
6384564,1749,0,CatViol,55,left,mTurk,duh
6384564,1871.199999999255,1,SemViol,281,left,mTurk,proti
6384564,1831.89999999851,1,CatViol,27,left,mTurk,proti
6384564,1769.699999999255,1,SemViol,272,left,mTurk,proti
6384564,833,1,Gramm,220,left,mTurk,proti
6384564,1321.5,0,CatViol,53,left,mTurk,duh
6384564,1200.800000000745,0,SemViol,255,left,mTurk,duh
6384564,1395.39999999851,0,SemViol,237,left,mTurk,duh
6384564,1218.300000000745,0,SemViol,288,left,mTurk,proti
6384564,767.3000000007451,1,Gramm,213,left,mTurk,duh
6384564,1173.89999999851,0,CatViol,41,left,mTurk,duh
6384564,1798.39999999851,0,SemViol,239,left,mTurk,duh
6384564,777.1000000014901,1,Gramm,201,left,mTurk,duh
6384564,1813.29999999702,1,SemViol,247,left,mTurk,proti
6384564,1049,0,CatViol,71,left,mTurk,duh
6384564,781.1000000014901,0,CatViol,51,left,mTurk,proti
6384564,1340,1,SemViol,301,left,mTurk,proti
6384564,1161.699999999255,1,Gramm,222,left,mTurk,proti
6384564,1753.699999999255,0,SemViol,249,left,mTurk,proti
6384564,928.1999999992548,1,Gramm,192,left,mTurk,proti
6384564,1712.5,1,CatViol,73,left,mTurk,duh
6384564,1544.699999999255,1,SemViol,264,left,mTurk,proti
6384564,1033.2000000029802,1,Gramm,207,left,mTurk,proti
6384564,870.2000000029802,1,Gramm,226,left,mTurk,duh
6384564,1645.800000000745,0,CatViol,49,left,mTurk,proti
6384564,1287.9000000022352,1,Gramm,198,left,mTurk,proti
6384564,1430.199999999255,0,SemViol,232,left,mTurk,duh
6384564,1489.699999999255,1,SemViol,276,left,mTurk,duh
6384564,1768.5999999977648,0,CatViol,16,left,mTurk,proti
6384564,1615.5999999977648,1,SemViol,263,left,mTurk,duh
6384564,1588.5999999977648,0,CatViol,9,left,mTurk,duh
6384564,1499.2999999970198,1,CatViol,25,left,mTurk,duh
6384564,1357.89999999851,1,CatViol,39,left,mTurk,proti
6384564,1411.9000000022352,1,Gramm,225,left,mTurk,duh
6384564,1174.89999999851,1,Gramm,175,left,mTurk,duh
6384564,790.7000000029802,1,Gramm,224,left,mTurk,proti
6384564,1115.300000000745,1,CatViol,1,left,mTurk,proti
6384564,1439.800000000745,1,SemViol,245,left,mTurk,proti
6384564,1121.60000000149,1,SemViol,241,left,mTurk,proti
6384564,1467.800000000745,1,SemViol,254,left,mTurk,proti
6384564,1895.10000000149,1,SemViol,303,left,mTurk,duh
6384564,989.5,1,SemViol,293,left,mTurk,proti
6384564,1434,0,CatViol,36,left,mTurk,proti
6384564,1709.800000000745,0,CatViol,75,left,mTurk,duh
6384564,1626.2000000029802,0,CatViol,14,left,mTurk,proti
6384564,1690.5999999977648,1,Gramm,183,left,mTurk,duh
6384564,1452,1,CatViol,4,left,mTurk,proti
6384564,1598.5999999977648,1,Gramm,181,left,mTurk,duh
6384564,666.8999999985099,1,Gramm,202,left,mTurk,duh
6384564,1001.39999999851,1,Gramm,184,left,mTurk,proti
6384564,1294.5,1,CatViol,50,left,mTurk,duh
6384564,1514.39999999851,1,SemViol,302,left,mTurk,duh
6384564,1284.39999999851,1,SemViol,252,left,mTurk,proti
6384564,1036.199999999255,0,CatViol,52,left,mTurk,duh
6384564,1065.5,1,Gramm,189,left,mTurk,duh
6384564,1858.699999999255,1,SemViol,234,left,mTurk,duh
6384564,1846.199999999255,1,CatViol,7,left,mTurk,duh
6384564,1754.699999999255,1,SemViol,275,left,mTurk,proti
6384564,836.1000000014901,1,CatViol,57,left,mTurk,proti
6384564,814.6000000014901,1,SemViol,260,left,mTurk,proti
6384564,1255.7999999970198,1,Gramm,190,left,mTurk,proti
6384564,1482.4000000022352,0,SemViol,274,left,mTurk,duh
6384564,1214.300000000745,0,SemViol,262,left,mTurk,duh
6384564,744.2000000029802,0,CatViol,6,left,mTurk,proti
6384564,1541.2000000029802,0,CatViol,46,left,mTurk,proti
6384564,1028.699999999255,1,Gramm,219,left,mTurk,proti
6384564,1234.4000000022352,1,CatViol,45,left,mTurk,duh
6384564,1149.10000000149,1,CatViol,32,left,mTurk,proti
6384564,1134.39999999851,0,CatViol,56,left,mTurk,duh
6384564,1438.199999999255,0,Gramm,188,left,mTurk,proti
6384564,1111.300000000745,1,Gramm,212,left,mTurk,duh
6384564,1233.9000000022352,0,CatViol,8,left,mTurk,duh
6384564,1110.699999999255,0,SemViol,250,left,mTurk,duh
6384564,834.1999999992549,0,CatViol,37,left,mTurk,proti
6384564,980.3000000007452,0,CatViol,21,left,mTurk,proti
6384564,1372.199999999255,1,Gramm,197,left,mTurk,duh
6384564,1220.39999999851,0,CatViol,2,left,mTurk,duh
6384564,1180.199999999255,0,CatViol,44,left,mTurk,proti
6384564,816.8000000007451,0,CatViol,72,left,mTurk,proti
6384564,1336.39999999851,1,CatViol,29,left,mTurk,duh
6384564,1203.10000000149,0,SemViol,242,left,mTurk,proti
6384564,761.9000000022352,1,Gramm,206,left,mTurk,proti
6384564,1820.9000000022352,0,SemViol,248,left,mTurk,duh
6384564,1679.4000000022352,1,SemViol,236,left,mTurk,proti
6384564,1795.5999999977648,0,SemViol,273,left,mTurk,duh
6384564,1947.39999999851,1,SemViol,251,left,mTurk,duh
6384564,1492.800000000745,1,CatViol,34,left,mTurk,proti
6384564,1651.9000000022352,0,SemViol,253,left,mTurk,duh
6384564,958.6999999992548,1,Gramm,193,left,mTurk,duh
6384564,1834.10000000149,1,CatViol,70,left,mTurk,duh
6384564,1869.10000000149,0,Gramm,199,left,mTurk,proti
6384564,1062,1,SemViol,285,left,mTurk,proti
6384564,1045.2999999970198,1,Gramm,171,left,mTurk,proti
6384564,1171.300000000745,1,Gramm,186,left,mTurk,duh
6384564,1193,1,Gramm,185,left,mTurk,proti
6384564,1412,1,SemViol,270,left,mTurk,proti
6384564,1631.699999999255,1,SemViol,300,left,mTurk,duh
6384564,1005.0999999977648,1,Gramm,174,left,mTurk,duh
6384564,1376.300000000745,1,Gramm,182,left,mTurk,proti
6384564,1846.4000000022352,1,CatViol,76,left,mTurk,proti
6384564,1248.199999999255,1,SemViol,295,left,mTurk,duh
6384564,1567.7999999970198,1,Gramm,178,left,mTurk,duh
6384564,1123.9000000022352,1,SemViol,256,left,mTurk,proti
6384564,1848.70000000298,1,CatViol,11,left,mTurk,proti
6384564,1627.60000000149,1,CatViol,48,left,mTurk,proti
6384564,1820.39999999851,1,Gramm,187,left,mTurk,proti
6384564,1716.9000000022352,0,CatViol,15,left,mTurk,duh
6384564,1258.699999999255,1,SemViol,287,left,mTurk,duh
6384564,979.7999999970198,1,CatViol,38,left,mTurk,proti
6384564,1212.89999999851,0,Gramm,227,left,mTurk,duh
6384564,1213.199999999255,1,SemViol,265,left,mTurk,proti
6384564,866.5,1,CatViol,30,left,mTurk,duh
6384564,1120,0,CatViol,12,left,mTurk,duh
6384564,1382.60000000149,0,SemViol,298,left,mTurk,proti
6384564,727.8999999985099,1,Gramm,216,left,mTurk,proti
6384564,1153.0999999977648,1,CatViol,60,left,mTurk,duh
6384564,1058.699999999255,1,SemViol,268,left,mTurk,duh
6384564,984.89999999851,1,SemViol,267,left,mTurk,duh
6384564,1512.10000000149,1,Gramm,228,left,mTurk,proti
6384564,1216.800000000745,1,Gramm,221,left,mTurk,duh
6384564,1610.89999999851,1,CatViol,62,left,mTurk,duh
6384564,1031.800000000745,1,CatViol,5,left,mTurk,proti
6384564,1648.4000000022352,1,SemViol,233,left,mTurk,duh
6384564,1714.800000000745,1,Gramm,180,left,mTurk,proti
6384564,826.5,1,Gramm,169,left,mTurk,duh
