ItemNo,Item.no,Target,Condition,ITEMNO,length,noise,stim,width,height,blackPx,luminance,Word,WordPhonetic,WLp,WordLenPhonetic,WLa,WLc,WordLenXlsx,Stem,CatViolPOS,SpellingStem,CRating,stemFreq_old,log_stemFreq_old,stemFreq,log_stemFreq,Tp,log_Tp,Types,Exclude,wordFreq,log_wordFreq,TP_old,log_TP_old,WLp_O,WLc_O,WLa_O,Luminance_O,Width_O,complexity
G01,169,দুর্নাম,Gramm,G01,7,a,দুর্নাম,309,200,12253,129.1549752,দুর্নাম,d̪urnam,6,8,4,7,7,নাম,NA,NA,2.666666667,2313.882616,3.364341323,1966.8,3.2937602,0.00005084401058,-4.2937602,19634,NA,0.1,-1,0.0000432,-4.364341323,0.0409663696,0.05573520493,0.1050754949,0.04413995173,-0.1747372626,35.65268808
G02,170,দুর্ঘটনা,Gramm,G02,8,a,দুর্ঘটনা,388,200,15676,127.3249532,দুর্ঘটনা,d̪urgʱɔtona,9,12,4,8,8,ঘটনা,NA,NA,2.4,1517.89842,3.181242709,1502.719,3.176877778,0.00006654604088,-4.176877778,2068,NA,0.1,-1,0.0000659,-4.181242709,0.06144955441,-0.06540460585,-0.02994782539,0.03476796442,-0.07198104369,45.4137858
F04,80,মানুষজন,Filler,F04,7,a,মানুষজন,517,200,19816,120.6349601,মানুষজন,manuʃɟɔn,8,8,5,7,7,মানুষ,NA,NA,6.333333333,1438.937015,3.158041784,1410.158,3.149267776,0.00007091403942,-4.149267776,3117,NA,0.1,-1,0.0000695,-4.158041784,0.05462182614,-0.06475997913,0.1086349315,-0.02242065725,-0.03531375506,54.768741
F05,81,ঘরবাড়ি,Filler,F05,7,a,ঘরবাড়ি,466,169,17778,130.1158271,ঘরবাড়ি,gʱɔrbaɽi,7,8,4,7,7,বাড়ি,NA,NA,6.733333333,1205.721114,3.081246866,1193.664,3.076882096,0.00008377566886,-4.076882096,8644,NA,0.1,-1,0.0000829,-4.081246866,0.04779409787,-0.004512387098,0.06003197359,0.05707907439,0.02253470146,51.3395598
C01,1,প্রতিটক,CatViol,C01,7,a,প্রতিটক,433,158,17477,124.3712428,প্রতিটক,prot̪itɔk,8,9,4,7,7,টক,NA,NA,NA,1115.869622,3.047613455,1004.283,3.001856111,0.00009957352659,-4.001856111,19408,NA,0.1,-1,0.0000896,-4.047613455,0.05462182614,-0.06475997913,0.01498845224,0.04722330598,-0.009545177772,50.73362733
G03,171,প্রতিপক্ষ,Gramm,G03,9,a,প্রতিপক্ষ,454,158,17605,125.7319405,প্রতিপক্ষ,prot̪ipɔkkʰo,10,13,4,9,9,পক্ষ,NA,NA,1.833333333,1076.558107,3.032037476,925.84,2.96653594,0.0001080100233,-3.96653594,5453,NA,0.1,-1,0.0000929,-4.032037476,0.06827728267,-0.06604923258,-0.07488410302,0.006856199934,-0.002412637789,51.21324915
C02,2,দুর্ভিন্ন,CatViol,C02,9,a,দুর্ভিন্ন,325,200,14764,121.0706524,দুর্ভিন্ন,d̪urbʱinno,8,10,3,9,9,ভিন্ন,NA,NA,NA,1041.088752,3.017487754,884.925,2.946906465,0.0001130039269,-3.946906465,2329,NA,0.1,-1,0.0000961,-4.017487754,0.05462182614,0.05444595147,-0.07844353959,0.02860743906,-0.05022011335,46.62041643
C03,3,দুর্মৃত,CatViol,C03,7,a,দুর্মৃত,286,200,12330,129.8984985,দুর্মৃত,d̪urmrit̪o,8,10,3,7,7,মৃত,Adj,NA,NA,918.5059478,2.963081973,1010.357,3.004474855,0.00009897491679,-4.004474855,10259,NA,0.1,-1,0.0001088724578,-3.963081973,0.05462182614,-0.06475997913,-0.07865802701,0.122955618,-0.0588831662,37.27821248
G04,172,প্রতিদান,Gramm,G04,8,a,প্রতিদান,455,158,17134,128.9302147,প্রতিদান,prot̪id̪an,8,11,4,8,8,দান,NA,NA,2.766666667,904.4194078,2.956369873,786.845,2.895889189,0.0001270898334,-3.895889189,15774,NA,0.1,-1,0.0001105681713,-3.956369873,0.05462182614,-0.005157013827,0.01509569595,0.03055225269,-0.00011172169,50.2003714
G05,173,প্রতিরোধ,Gramm,G05,9,a,প্রতিরোধ,504,160,19669,126.166496,প্রতিরোধ,prot̪irod̪ʱ,8,15,4,9,9,রোধ,NA,NA,2.6,741.5451465,2.870137597,719.299,2.856909457,0.0001390242444,-3.856909457,7606,NA,0.1,-1,0.0001348535561,-3.870137597,0.05462182614,0.05444595147,0.01520293966,-0.01101202599,0.03997257666,57.64545449
G06,174,দুরবস্থা,Gramm,G06,8,a,দুরবস্থা,404,200,15036,126.9923768,দুরবস্থা,d̪urbost̪ʰa,8,12,4,8,8,অবস্থা,NA,NA,2,740.7556049,2.869674946,755.571,2.878275281,0.0001323502358,-3.878275281,1114,NA,0.1,-1,0.0001349972911,-3.869674946,0.05462182614,-0.005157013827,0.01509569595,0.0239646419,-0.06170694666,44.15220969
G07,175,দুর্নীতি,Gramm,G07,8,a,দুর্নীতি,362,200,17178,126.4278282,দুর্নীতি,d̪urnit̪i,7,10,3,8,8,নীতি,NA,NA,1.566666667,732.6014922,2.864867799,791.21,2.898291768,0.0001263886958,-3.898291768,5729,NA,0.1,-1,0.0001364998585,-3.864867799,0.04779409787,0.0550905782,-0.03350726196,0.06931534168,0.004574608623,50.69306372
S01,229,দুর্নাক,SemViol,S01,7,a,দুর্নাক,328,200,12844,121.9387724,দুর্নাক,d̪urnak,6,8,3,7,7,নাক,NA,NA,6.5,691.0320742,2.839498206,677.211,2.830724004,0.000147664465,-3.830724004,11673,NA,0.1,-1,0.0001447110832,-3.839498206,0.0409663696,0.05573520493,0.01142901567,0.07655133134,-0.02805775148,37.5751829
G08,176,প্রতিকল্প,Gramm,G08,9,a,প্রতিকল্প,445,158,17990,127.0063432,প্রতিকল্প,prot̪ikɔlpo,10,12,4,9,9,কল্প,NA,NA,2.1,675.9707658,2.829927914,662.451,2.82115376,0.0001509545612,-3.82115376,6798,NA,0.1,-1,0.0001479353917,-3.829927914,0.06827728267,-0.06604923258,-0.07488410302,0.01118848644,-0.01290321845,52.50751493
F06,82,বইগুলি,Filler,F06,6,a,বইগুলি,391,200,16254,128.4831159,বইগুলি,bo͡i̯guli,7,9,4,6,6,বই,NA,NA,6.666666667,662.6654891,2.821294354,662.665,2.821294033,0.0001509058121,-3.821294033,4605,NA,0.1,-1,0.0001509057008,-3.821294354,0.04779409787,-0.0641153524,0.05992472988,0.08369784651,-0.04975064433,48.66155585
C04,4,প্রতিভালো,CatViol,C04,9,a,প্রতিভালো,562,160,21617,125.2599477,প্রতিভালো,prot̪ibʱalo,9,11,4,9,9,ভালো,NA,NA,NA,658.8129813,2.818762148,612.696,2.787245045,0.0001632130779,-3.787245045,1595,NA,0.1,-1,0.0001517881445,-3.818762148,0.06144955441,-0.005801640555,-0.02984058168,-0.004421063665,0.1181216959,63.30861086
C05,5,প্রতিলাল,CatViol,C05,8,a,প্রতিলাল,465,158,17549,127.7168593,প্রতিলাল,prot̪ilal,8,9,4,8,8,লাল,Adj/N,NA,NA,656.5271393,2.817252684,617.136,2.790380881,0.0001620388375,-3.790380881,10953,NA,0.1,-1,0.0001523166279,-3.817252684,0.05462182614,-0.005157013827,0.01509569595,0.0264274943,0.0115920156,51.03128553
S02,230,প্রতিছেলে,SemViol,S02,9,a,প্রতিছেলে,503,160,19526,124.9189059,প্রতিছেলে,prot̪icʰele,9,12,4,9,9,ছেলে,NA,NA,6.666666667,641.5444747,2.807226769,577.39,2.761469258,0.0001731931623,-3.761469258,1618,NA,0.1,-1,0.0001558738387,-3.807226769,0.06144955441,-0.005801640555,-0.02984058168,-0.005580423094,0.04731035286,57.00593265
G09,177,প্রতিক্রম,Gramm,G09,9,a,প্রতিক্রম,466,158,17747,125.2736705,প্রতিক্রম,prot̪ikrom,9,9,4,9,9,ক্রম,NA,NA,2.266666667,634.8483753,2.802670012,666.591,2.823859446,0.0001500170269,-3.823859446,7536,NA,0.1,-1,0.0001575179269,-3.802670012,0.06144955441,-0.005801640555,-0.02984058168,-0.004374413496,0.003036629114,51.29771236
S03,231,প্রতিমেয়ে,SemViol,S03,9,a,প্রতিমেয়ে,503,166,19934,129.1249105,প্রতিমেয়ে,prot̪imeʲe,8,11,4,9,9,মেয়ে,NA,NA,6.8,630.8271974,2.799910409,542.511,2.734408548,0.0001843280597,-3.734408548,2422,NA,0.1,-1,0.0001585220175,-3.799910409,0.05462182614,0.05444595147,0.01520293966,-0.000955001464,0.0394677177,56.46799257
G10,178,দুর্ব্যবহার,Gramm,G10,11,a,দুর্ব্যবহার,514,200,19413,127.830918,দুর্ব্যবহার,d̪urbæ̯bohar,10,15,5,11,11,ব্যবহার,NA,NA,1.833333333,615.2164178,2.789027917,590.608,2.771299325,0.0001693170428,-3.771299325,1604,NA,0.1,-1,0.0001625444268,-3.789027917,0.06827728267,0.05315669802,0.01897686365,-0.1072892356,-0.09160521566,56.69566298
G11,179,দুষ্কার্য,Gramm,G11,9,a,দুষ্কার্য,326,200,12837,127.3963116,দুষ্কার্য,d̪uʃkarɟo,8,10,4,9,9,কার্য,NA,NA,2.4,597.0217778,2.775990173,626.873,2.797179565,0.0001595219446,-3.797179565,5292,NA,0.1,-1,0.0001674980775,-3.775990173,0.05462182614,0.05444595147,0.01520293966,-0.00683131174,-0.1731317997,37.11885178
F07,83,শালগুলো,Filler,F07,7,a,শালগুলো,488,200,17521,128.6484434,শালগুলো,ʃalgulo,7,7,4,7,7,শাল,NA,NA,NA,565.3562954,2.752322233,571.01,2.756643714,0.0001751282815,-3.756643714,8213,NA,0.1,-1,0.0001768796082,-3.752322233,0.04779409787,-0.004512387098,0.06003197359,0.05209075587,0.04856488517,50.74781962
G12,180,প্রতিপ্রশ্ন,Gramm,G12,11,a,প্রতিপ্রশ্ন,425,158,17124,123.7301899,প্রতিপ্রশ্ন,prot̪iproʃno,11,13,4,11,11,প্রশ্ন,NA,NA,2.3,542.7482937,2.734598467,499.328,2.69838592,0.0002002691618,-3.69838592,1581,NA,0.1,-1,0.0001842474701,-3.734598467,0.07510501094,-0.007090894012,-0.1197131369,-0.05461417004,-0.06483993697,51.07863903
G13,181,দুশ্চেষ্টা,Gramm,G13,10,a,দুশ্চেষ্টা,387,200,15545,121.0983746,দুশ্চেষ্টা,d̪uʃceʃta,8,10,3,10,10,চেষ্টা,NA,NA,2.133333333,537.213224,2.730146695,537.213,2.730146514,0.0001861459049,-3.730146514,1231,NA,0.1,-1,0.0001861458273,-3.730146695,0.05462182614,0.1140489168,-0.07833629588,-0.003467435891,0.006103866149,44.12772236
F08,84,শিশুদের,Filler,F08,7,a,শিশুদের,437,200,16975,125.977275,শিশুদের,ʃiʃud̪er,7,8,4,7,7,শিশু,NA,NA,NA,532.1417385,2.726027324,457.642,2.660525875,0.0002185114129,-3.660525875,2994,NA,0.1,-1,0.0001879198581,-3.726027324,0.04779409787,-0.004512387098,0.06003197359,0.04301021421,-0.0132023626,47.81448957
G14,182,প্রতিগ্রহণ,Gramm,G14,10,a,প্রতিগ্রহণ,491,158,18629,134.9237228,প্রতিগ্রহণ,prot̪igrohon,11,13,5,10,10,গ্রহণ,NA,NA,1.966666667,519.8857346,2.715907901,488.693,2.689036118,0.000204627445,-3.689036118,2528,NA,0.1,-1,0.0001923499595,-3.715907901,0.07510501094,-0.06669385931,-0.0261739014,-0.04133564232,-0.09067499488,55.66920215
G15,183,দুঃসংবাদ,Gramm,G15,8,a,দুঃসংবাদ,507,200,16792,127.5157831,দুঃসংবাদ,d̪uʃoŋbad̪,8,12,4,8,8,সংবাদ,NA,NA,2.966666667,511.6405608,2.708964966,470.709,2.672752502,0.0002124454812,-3.672752502,2442,NA,0.1,-1,0.0001954497115,-3.708964966,0.05462182614,-0.005157013827,0.01509569595,0.02574394294,0.06189597273,51.74345373
S04,232,দুর্লেজ,SemViol,S04,7,a,দুর্লেজ,324,200,12934,127.8181118,দুর্লেজ,d̪urleɟ,6,8,3,7,7,লেজ,NA,NA,6.633333333,511.4015253,2.708762019,552.314,2.742186052,0.000181056428,-3.742186052,3109,NA,0.1,-1,0.0001955410672,-3.708762019,0.0409663696,0.05573520493,0.01142901567,0.09653793582,-0.03147393624,39.33018056
F01,77,বাবাকে,Filler,F01,6,a,বাবাকে,417,160,14647,126.5653647,বাবাকে,babake,6,6,3,6,6,বাবা,NA,NA,NA,466.6832539,2.669022217,508.685,2.706448931,0.0001965853131,-3.706448931,2369,NA,0.1,-1,0.000214278098,-3.669022217,0.0409663696,-0.00386776037,0.01132177196,0.1244483823,0.09773434929,40.9280139
G16,184,প্রতিরূপ,Gramm,G16,8,a,প্রতিরূপ,425,199,17213,125.6962483,প্রতিরূপ,prot̪irup,8,10,4,8,8,রূপ,NA,NA,2.033333333,450.4381505,2.653635167,427.916,2.631358525,0.0002336907243,-3.631358525,21814,NA,0.1,-1,0.0002220060621,-3.653635167,0.05462182614,-0.005157013827,0.01509569595,0.01955849932,-0.03683542664,52.85785544
F09,85,উটপাখি,Filler,F09,6,a,উটপাখি,455,158,17939,132.4458753,উটপাখি,utpakʰi,6,7,4,6,6,উট,NA,NA,NA,445.5746569,2.648920481,378.738,2.578338881,0.0002640347681,-3.578338881,8142,NA,0.1,-1,0.0002244292813,-3.648920481,0.0409663696,-0.00386776037,0.1049682512,0.08749636476,0.0190751846,54.73508352
C06,6,প্রতিদূর,CatViol,C06,8,a,প্রতিদূর,415,199,16908,125.4276012,প্রতিদূর,prot̪id̪ur,8,10,4,8,8,দূর,Adj,NA,NA,441.7242187,2.645151211,388.717,2.589633534,0.0002572565645,-3.589633534,4484,NA,0.1,-1,0.0002263855948,-3.645151211,0.05462182614,-0.005157013827,0.01509569595,0.01864524309,-0.04888680831,51.66877394
S05,233,দুর্চোখ,SemViol,S05,7,a,দুর্চোখ,336,200,13010,125.4212772,দুর্চোখ,d̪urcokʰ,6,9,3,7,7,চোখ,NA,NA,6.666666667,424.4929643,2.627870496,416.003,2.619096463,0.0002403828819,-3.619096463,1331,NA,0.1,-1,0.0002355751647,-3.627870496,0.0409663696,0.05573520493,0.01142901567,0.08838998213,-0.01765014387,40.05469335
G17,185,প্রতিযুদ্ধ,Gramm,G17,10,a,প্রতিযুদ্ধ,442,200,18448,125.702564,প্রতিযুদ্ধ,prot̪iɟud̪d̪ʱo,10,15,5,10,10,যুদ্ধ,NA,NA,3.266666667,421.1330146,2.624419289,463.246,2.665811678,0.0002158680269,-3.665811678,4012,NA,0.1,-1,0.0002374546676,-3.624419289,0.06827728267,-0.006446267283,0.01886961994,-0.08235538352,-0.1604103191,53.98519383
G18,186,দুঃশাসন,Gramm,G18,7,a,দুঃশাসন,458,200,15825,130.4654542,দুঃশাসন,d̪uʃaʃon,7,9,4,7,7,শাসন,NA,NA,1.7,417.8589521,2.621029711,371.894,2.570419172,0.0002688938246,-3.570419172,2401,NA,0.1,-1,0.0002393152031,-3.621029711,0.04779409787,-0.004512387098,0.06003197359,0.05826761924,0.0130260256,45.56963945
G19,187,প্রতিবোধ,Gramm,G19,8,a,প্রতিবোধ,504,160,19318,120.7311836,প্রতিবোধ,prot̪ibod̪ʱ,8,12,5,8,8,বোধ,NA,NA,1.6,400.6877154,2.602806028,412.708,2.615642887,0.0002423020634,-3.615642887,6790,NA,0.1,-1,0.0002495709156,-3.602806028,0.05462182614,-0.005157013827,0.1087421752,-0.05426266447,-0.06888643005,56.49546437
C07,7,দুর্শক্ত,CatViol,C07,8,a,দুর্শক্ত,303,200,11458,126.6118896,দুর্শক্ত,d̪urʃokt̪o,8,10,3,8,8,শক্ত,Adj,NA,NA,398.1824988,2.600082168,366.328,2.563870115,0.0002729794064,-3.563870115,6662,NA,0.1,-1,0.0002511411232,-3.600082168,0.05462182614,-0.005157013827,-0.0785507833,0.07961379276,-0.05728428807,34.5891565
C08,8,দুঃসম্ভব,CatViol,C08,8,a,দুঃসম্ভব,420,200,15452,123.6808079,দুঃসম্ভব,d̪uʃɔmbʱɔb,8,10,4,8,8,সম্ভব,N/Adj,NA,NA,377.101841,2.576458653,369.56,2.567684958,0.0002705920554,-3.567684958,871,NA,0.1,-1,0.0002651803548,-3.576458653,0.05462182614,-0.005157013827,0.01509569595,0.0127070816,-0.04330238509,46.88695376
G20,188,প্রতিপণ,Gramm,G20,7,a,প্রতিপণ,417,158,15235,130.420673,প্রতিপণ,prot̪ipɔn,8,10,4,7,7,পণ,NA,NA,3.233333333,370.5609595,2.568859662,337.21,2.527900445,0.0002965511106,-3.527900445,5970,NA,0.1,-1,0.000269861132,-3.568859662,0.05462182614,-0.06475997913,0.01498845224,0.06778812807,-0.0273074988,46.07449418
C09,9,দুঃশান্ত,CatViol,C09,8,a,দুঃশান্ত,359,200,13315,122.5969103,দুঃশান্ত,d̪uʃant̪o,7,9,3,8,8,শান্ত,Adj,NA,NA,347.763592,2.541284113,375.585,2.574708239,0.0002662513146,-3.574708239,4010,NA,0.1,-1,0.0002875516653,-3.541284113,0.04779409787,0.0550905782,-0.03350726196,0.05629227298,0.0000795,41.28666953
F10,86,কৃষিজমি,Filler,F10,7,a,কৃষিজমি,481,197,20323,126.4361464,কৃষিজমি,kriʃiɟomi,9,9,4,7,7,জমি,NA,NA,NA,345.845099,2.538881626,293.968,2.468300058,0.0003401730801,-3.468300058,2309,NA,0.1,-1,0.0002891467894,-3.538881626,0.06144955441,-0.1250075712,-0.0300550691,0.063915613,0.05731261403,56.80993131
C10,10,দুর্বৃদ্ধ,CatViol,C10,9,a,দুর্বৃদ্ধ,286,200,12304,134.6966997,দুর্বৃদ্ধ,d̪urbrid̪d̪ʱo,9,13,3,9,9,বৃদ্ধ,Adj,NA,NA,336.9407666,2.52755356,357.157,2.552859166,0.0002799889124,-3.552859166,3268,NA,0.1,-1,0.0002967880705,-3.52755356,0.06144955441,-0.005801640555,-0.1234870609,0.08460144153,-0.08494909695,37.12935809
S06,234,দুর্লতা,SemViol,S06,7,a,দুর্লতা,326,200,12729,126.771163,দুর্লতা,d̪urlot̪a,7,10,3,7,7,লতা,NA,NA,6.233333333,324.3525965,2.511017379,278.943,2.445515467,0.0003584961802,-3.445515467,7097,NA,0.1,-1,0.0003083064575,-3.511017379,0.04779409787,-0.004512387098,-0.03361450567,0.1026516117,-0.02049258518,38.96879489
C11,11,প্রতিদীর্ঘ,CatViol,C11,10,a,প্রতিদীর্ঘ,470,158,19552,120.5574787,প্রতিদীর্ঘ,prot̪id̪irgʱo,10,13,4,10,10,দীর্ঘ,Adj,NA,NA,316.1674402,2.499917143,287.712,2.458957976,0.000347569792,-3.458957976,1809,NA,0.1,-1,0.0003162881033,-3.499917143,0.06827728267,-0.006446267283,-0.07477685931,-0.04290331388,-0.002455443701,57.38770142
G21,189,দুরাশা,Gramm,G21,6,a,দুরাশা,349,200,12754,124.6575282,দুরাশা,d̪uraʃa,6,8,3,6,6,আশা,NA,NA,1.466666667,315.7659433,2.499365288,318.924,2.503687202,0.0003135543264,-3.503687202,1413,NA,0.1,-1,0.0003166902642,-3.499365288,0.0409663696,-0.00386776037,0.01132177196,0.1179627602,0.01576594469,37.23836953
G22,190,প্রতিরক্ষা,Gramm,G22,10,a,প্রতিরক্ষা,493,158,19673,122.3023259,প্রতিরক্ষা,prot̪irɔkkʰa,10,13,4,10,10,রক্ষা,NA,NA,2.1,311.7778786,2.493845298,283.718,2.45288689,0.0003524626566,-3.45288689,2480,NA,0.1,-1,0.000320741165,-3.493845298,0.06827728267,-0.006446267283,-0.07477685931,-0.03697176809,0.02552709328,56.42879241
G23,191,প্রতিলাভ,Gramm,G23,8,a,প্রতিলাভ,484,158,18611,131.1612166,প্রতিলাভ,prot̪ilabʱ,8,11,4,8,8,লাভ,NA,NA,2.1,300.3693643,2.477655635,279.344,2.446139348,0.0003579815568,-3.446139348,5774,NA,0.1,-1,0.0003329234332,-3.477655635,0.05462182614,-0.005157013827,0.01509569595,0.03813646404,0.03517787409,54.61721148
G24,192,প্রতিপালন,Gramm,G24,9,a,প্রতিপালন,556,158,20546,121.5628048,প্রতিপালন,prot̪ipalon,10,12,5,9,9,পালন,NA,NA,2.233333333,294.2941365,2.468781609,250.15,2.398200507,0.0003997601439,-3.398200507,1217,NA,0.1,-1,0.0003397961006,-3.468781609,0.06827728267,-0.06604923258,0.01876237623,-0.06425923162,-0.006703699034,59.78977372
C12,12,দুর্মুখ্য,CatViol,C12,9,a,দুর্মুখ্য,311,200,13146,126.4839072,দুর্মুখ্য,d̪urmurkʰo,8,11,3,9,9,মুখ্য,Adj,NA,NA,286.8219477,2.457612381,306.899,2.486995473,0.0003258400972,-3.486995473,1173,NA,0.1,-1,0.0003486483542,-3.457612381,0.05462182614,0.05444595147,-0.07844353959,0.04700960558,-0.06573399417,41.10979686
G25,193,দুর্গতি,Gramm,G25,7,a,দুর্গতি,324,200,13619,129.3966832,দুর্গতি,d̪urgot̪i,7,10,3,7,7,গতি,NA,NA,2.133333333,286.636721,2.457331827,272.305,2.435055616,0.0003672352693,-3.435055616,4015,NA,0.1,-1,0.0003488736532,-3.457331827,0.04779409787,-0.004512387098,-0.03361450567,0.1115769739,-0.02227436995,43.12385967
G26,194,প্রতিরুপ,Gramm,G26,8,a,প্রতিরুপ,425,200,17369,124.740695,প্রতিরুপ,prot̪irup,8,10,4,8,8,রুপ,NA,রূপ,2.133333333,283.0408401,2.451849105,263.228,2.420332084,0.000379898795,-3.420332084,6389,NA,0.1,-1,0.0003533059044,-3.451849105,0.05462182614,-0.005157013827,0.01509569595,0.01631012997,-0.03705957791,52.75557578
S07,235,প্রতিরক্ত,SemViol,S07,9,a,প্রতিরক্ত,459,158,17858,127.0831902,প্রতিরক্ত,prot̪irɔkt̪o,10,13,4,9,9,রক্ত,NA,NA,5.833333333,278.7795919,2.445260978,278.78,2.445261614,0.0003587057895,-3.445261614,4058,NA,0.1,-1,0.0003587063146,-3.445260978,0.06827728267,-0.06604923258,-0.07488410302,0.01144972507,0.003898516486,53.15182187
F11,87,গাছপালা,Filler,F11,7,a,গাছপালা,490,158,16095,128.5304129,গাছপালা,gacʰpala,7,8,4,7,7,গাছ,NA,NA,NA,272.8813125,2.435973795,281.068,2.448811403,0.0003557857885,-3.448811403,5021,NA,0.1,-1,0.0003664596857,-3.435973795,0.04779409787,-0.004512387098,0.06003197359,0.0516895154,0.0509348705,47.71868534
C13,13,দুর্বাসি,CatViol,C13,8,a,দুর্বাসি,347,200,14266,126.8659441,দুর্বাসি,d̪urbaʃi,8,8,3,8,8,বাসি,Adj,NA,NA,271.6675086,2.4340377,236.351,2.373557444,0.0004230995426,-3.373557444,3203,NA,0.1,-1,0.0003680970187,-3.4340377,0.05462182614,-0.005157013827,-0.0785507833,0.08047744196,-0.004475894912,42.76946599
G27,195,প্রতিঘাত,Gramm,G27,8,a,প্রতিঘাত,482,158,18692,126.901847,প্রতিঘাত,prot̪igʱat̪,8,12,4,8,8,ঘাত,NA,NA,2.7,265.2642537,2.42367873,249.348,2.396805889,0.0004010459278,-3.396805889,3205,NA,0.1,-1,0.0003769825697,-3.42367873,0.05462182614,-0.005157013827,0.01509569595,0.02365688907,0.03178104938,54.90928601
G28,196,প্রতিবর্তন,Gramm,G28,10,a,প্রতিবর্তন,533,158,20962,127.8657638,প্রতিবর্তন,prot̪ibɔrt̪on,11,14,5,10,10,বর্তন,NA,NA,3.4,265.108001,2.423422835,281.014,2.448727957,0.0003558541567,-3.448727957,1790,NA,0.1,-1,0.0003772047604,-3.423422835,0.07510501094,-0.06669385931,-0.0261739014,-0.06532892208,-0.04197950788,60.8213798
G29,197,দুর্মতি,Gramm,G29,7,a,দুর্মতি,324,200,14110,128.5148472,দুর্মতি,d̪urmot̪i,7,10,3,7,7,মতি,NA,NA,2.933333333,260.1089505,2.415155297,241.901,2.383637664,0.0004133922555,-3.383637664,3512,NA,0.1,-1,0.0003844542827,-3.415155297,0.04779409787,-0.004512387098,-0.03361450567,0.1085792039,-0.0224812288,42.39283161
C14,14,প্রতিবাস্তব,CatViol,C14,11,a,প্রতিবাস্তব,557,158,21586,126.6703248,প্রতিবাস্তব,prot̪ibast̪ob,11,13,5,11,11,বাস্তব,Adj,NA,NA,259.2469738,2.413713696,254.062,2.404939713,0.0003936047107,-3.404939713,1585,NA,0.1,-1,0.0003857325643,-3.413713696,0.07510501094,-0.007090894012,-0.02606665769,-0.1015618899,-0.03149823425,62.12183649
G30,198,প্রতিবিধান,Gramm,G30,10,a,প্রতিবিধান,594,158,23492,123.0419997,প্রতিবিধান,prot̪ibid̪ʱan,10,14,5,10,10,বিধান,NA,NA,2.1,252.2373343,2.401809368,274.939,2.439236349,0.0003637170427,-3.439236349,1731,NA,0.1,-1,0.0003964520172,-3.401809368,0.06827728267,-0.006446267283,0.01886961994,-0.09139987692,0.02118869177,68.17940716
G31,199,প্রতিপ্রভা,Gramm,G31,10,a,প্রতিপ্রভা,483,158,18941,122.8090669,প্রতিপ্রভা,prot̪iprobʱa,10,13,4,10,10,প্রভা,NA,NA,2.4,249.4444473,2.396973841,266.906,2.426358337,0.0003746637393,-3.426358337,2555,NA,0.1,-1,0.000400890864,-3.396973841,0.06827728267,-0.006446267283,-0.07477685931,-0.03524912014,0.01365760018,56.84462391
G32,200,প্রতিশব্দ,Gramm,G32,9,a,প্রতিশব্দ,439,158,16066,125.2369846,প্রতিশব্দ,prot̪iʃɔbd̪o,10,13,4,9,9,শব্দ,NA,NA,2.8,248.0712864,2.394576499,260.475,2.415766047,0.0003839140033,-3.415766047,4007,NA,0.1,-1,0.0004031099345,-3.394576499,0.06827728267,-0.06604923258,-0.07488410302,0.005173615014,-0.02051128796,46.20779417
F12,88,পুরুষকে,Filler,F12,7,a,পুরুষকে,428,200,17376,123.3364671,পুরুষকে,puruʃke,7,7,4,7,7,পুরুষ,NA,NA,NA,248.0195471,2.39448591,260.421,2.415676002,0.0003839936103,-3.415676002,4390,NA,0.1,-1,0.0004031940271,-3.39448591,0.04779409787,-0.004512387098,0.06003197359,0.03403288199,-0.0246113634,49.69211913
F13,89,কাকের,Filler,F13,5,a,কাকের,395,160,14445,126.5185315,কাকের,kaker,5,5,4,5,5,কাক,NA,NA,NA,245.0197029,2.389201009,252.37,2.402037728,0.0003962436106,-3.402037728,8047,NA,0.1,-1,0.0004081304435,-3.389201009,0.03413864134,-0.003223133642,0.1499045289,0.08984294569,-0.04506430954,39.79453185
C15,15,দুঃসহজ,CatViol,C15,6,a,দুঃসহজ,417,200,14948,126.6216061,দুঃসহজ,d̪uʃohoɟ,7,8,4,6,6,সহজ,Adj,NA,NA,243.9145516,2.38723771,248.793,2.395838157,0.0004019405691,-3.395838157,916,NA,0.1,-1,0.0004099796398,-3.38723771,0.04779409787,-0.0641153524,0.05992472988,0.07736971037,-0.01901756847,44.99836168
C16,16,প্রতিমহান,CatViol,C16,9,a,প্রতিমহান,538,158,20674,126.2361093,প্রতিমহান,prot̪imɔt̪an,10,12,5,9,9,মহান,Adj,NA,NA,243.0649924,2.385722414,255.218,2.406911301,0.0003918218934,-3.406911301,1707,NA,0.1,-1,0.000411412598,-3.385722414,0.06827728267,-0.06604923258,0.01876237623,-0.04837249974,-0.02718650075,58.23584672
C17,17,দুঃশুভ,CatViol,C17,6,a,দুঃশুভ,347,200,13377,130.1317589,দুঃশুভ,d̪uʃubʱ,5,7,3,6,6,শুভ,Adj,NA,NA,242.9522007,2.385520837,250.241,2.398358467,0.0003996147714,-3.398358467,4201,NA,0.1,-1,0.0004116035982,-3.385520837,0.03413864134,0.05637983166,0.05636529331,0.1268994712,0.005823134159,41.29360153
G33,201,দুর্ভাবনা,Gramm,G33,9,a,দুর্ভাবনা,457,200,17555,120.8803496,দুর্ভাবনা,d̪urbʱabona,9,12,4,9,9,ভাবনা,NA,NA,1.566666667,238.3794819,2.377268872,231.228,2.364040423,0.0004324735759,-3.364040423,1665,NA,0.1,-1,0.0004194991918,-3.377268872,0.06144955441,-0.005801640555,-0.02984058168,-0.01930935112,-0.008783471733,51.83831728
C18,18,দুঃসুন্দর,CatViol,C18,9,a,দুঃসুন্দর,453,200,16700,121.0606675,দুঃসুন্দর,d̪uʃund̪or,8,10,4,9,9,সুন্দর,Adj,NA,NA,238.1973596,2.376936943,228.669,2.359207293,0.0004373133219,-3.359207293,2587,NA,0.1,-1,0.0004198199349,-3.376936943,0.05462182614,0.05444595147,0.01520293966,-0.02836910777,-0.02236578749,52.45977556
G34,202,দুশ্চিন্তা,Gramm,G34,10,a,দুশ্চিন্তা,380,200,15817,127.8943284,দুশ্চিন্তা,d̪uʃcint̪a,8,11,3,10,10,চিন্তা,NA,NA,1.5,233.9350766,2.369095346,224.578,2.35136721,0.0004452795911,-3.35136721,2660,NA,0.1,-1,0.0004274690288,-3.369095346,0.05462182614,0.1140489168,-0.07833629588,0.01963516654,-0.0006938104697,47.15060417
C19,19,প্রতিদ্রুত,CatViol,C19,10,a,প্রতিদ্রুত,483,158,18602,131.4053441,প্রতিদ্রুত,prot̪id̪rut̪o,10,13,4,10,10,দ্রুত,Adj,NA,NA,229.8559507,2.361455752,248.244,2.39487876,0.0004028294742,-3.39487876,708,NA,0.1,-1,0.0004350550843,-3.361455752,0.06827728267,-0.006446267283,-0.07477685931,-0.006026382559,0.01567409303,55.3902442
S08,236,প্রতিকাঠ,SemViol,S08,8,a,প্রতিকাঠ,479,158,18983,124.1160061,প্রতিকাঠ,prot̪ikatʰ,8,11,4,8,8,কাঠ,NA,NA,6.666666667,227.1592987,2.356330519,224.888,2.351966282,0.0004446657892,-3.351966282,4660,NA,0.1,-1,0.0004402197074,-3.356330519,0.05462182614,-0.005157013827,0.01509569595,0.01418652235,0.02753104497,54.72190545
F02,78,কাঠের,Filler,F02,5,a,কাঠের,371,160,14213,126.1998128,কাঠের,katʰer,5,6,3,5,5,কাঠ,NA,NA,NA,227.1592987,2.356330519,249.875,2.397722807,0.0004002001001,-3.397722807,4660,NA,0.1,-1,0.0004402197074,-3.356330519,0.03413864134,-0.003223133642,0.0562580496,0.1457020764,0.05168323452,39.77474842
C20,20,প্রতিধীর,CatViol,C20,8,a,প্রতিধীর,464,158,19960,123.7434352,প্রতিধীর,prot̪id̪ʱir,8,11,4,8,8,ধীর,Adj,NA,NA,223.5189221,2.349314294,223.519,2.349314446,0.00044738926,-3.349314446,1622,NA,0.1,-1,0.0004473894159,-3.349314294,0.05462182614,-0.005157013827,0.01509569595,0.01291998087,0.009461103567,58.43177627
F14,90,তীরগুলো,Filler,F14,7,a,তীরগুলো,504,200,21005,119.5010749,তীরগুলো,t̪irgulo,7,8,4,7,7,তীর,NA,NA,NA,219.0372644,2.340518007,208.085,2.318240775,0.0004805728428,-3.318240775,5390,NA,0.1,-1,0.0004565433205,-3.340518007,0.04779409787,-0.004512387098,0.06003197359,0.02099460307,0.06560049971,62.50968181
F15,91,শিলাবৃষ্টি,Filler,F15,10,a,শিলাবৃষ্টি,485,197,20522,128.1120864,শিলাবৃষ্টি,ʃilabriʃti,10,10,4,10,10,বৃষ্টি,NA,NA,NA,212.4994873,2.327357887,199.75,2.300486788,0.0005006257822,-3.300486788,1343,NA,0.1,-1,0.0004705893707,-3.327357887,0.06827728267,-0.006446267283,-0.07477685931,-0.01722169459,0.01729924163,56.1212813
G35,203,দুর্ভোগ,Gramm,G35,7,a,দুর্ভোগ,366,200,14258,134.0667162,দুর্ভোগ,d̪urbʱog,6,9,3,7,7,ভোগ,NA,NA,2.766666667,212.3111563,2.326972816,191.08,2.281215233,0.000523341009,-3.281215233,4382,NA,0.1,-1,0.0004710068079,-3.326972816,0.0409663696,0.05573520493,0.01142901567,0.1177798435,0.02034297057,44.31091867
F16,92,হাড়ের,Filler,F16,6,a,হাড়ের,358,169,13141,125.0759579,হাড়ের,haɽer,5,5,3,6,6,হাড়,NA,NA,NA,212.0959208,2.326532316,201.491,2.304255652,0.0004963000829,-3.304255652,2528,NA,0.1,-1,0.0004714847868,-3.326532316,0.03413864134,0.05637983166,0.05636529331,0.1097124562,0.01782435664,38.03990125
F17,93,কলাগুলো,Filler,F17,7,a,কলাগুলো,507,200,18617,120.1798693,কলাগুলো,kɔlagulo,8,8,4,7,7,কলা,NA,NA,6.5,209.2419814,2.320648824,211.334,2.324969373,0.0006218488535,-3.206315162,6077,NA,0.1314178056,-0.8813457889,0.0006280661496,-3.201994613,0.05462182614,-0.06475997913,0.01498845224,0.03297488133,0.07818550753,54.37577792
G36,204,দুঃস্বপ্ন,Gramm,G36,9,a,দুঃস্বপ্ন,329,200,12588,124.7381709,দুঃস্বপ্ন,d̪uʃʃɔpno,8,10,3,9,9,স্বপ্ন,NA,NA,2.033333333,206.1376238,2.314157266,187.585,2.273198108,0.0007447082261,-3.128013849,2565,NA,0.1396960926,-0.8548157412,0.0006776836272,-3.168973007,0.05462182614,0.05444595147,-0.07844353959,0.04107503732,-0.04456445095,40.81715511
S09,237,দুর্সিংহ,SemViol,S09,8,a,দুর্সিংহ,349,200,13935,127.166324,দুর্সিংহ,d̪urʃiŋho,8,10,3,8,8,সিংহ,NA,NA,6.8,206.1003715,2.314078775,195.795,2.291801597,0.0008086122644,-3.092259676,2890,NA,0.1583222383,-0.8004580789,0.0007681802665,-3.114536853,0.05462182614,-0.005157013827,-0.0785507833,0.08149857272,-0.002007759936,42.81047539
S10,238,প্রতিবন্দর,SemViol,S10,10,a,প্রতিবন্দর,550,158,20345,122.9121924,প্রতিবন্দর,prot̪ibɔnd̪ɔr,11,14,5,10,10,বন্দর,NA,NA,5.433333333,202.1195502,2.305608323,220.31,2.34303421,0.0008078760374,-3.092655273,980,NA,0.1779831698,-0.7496210629,0.0008805836428,-3.055229386,0.07510501094,-0.06669385931,-0.0261739014,-0.08216841129,-0.02276128677,60.21665843
C21,21,প্রতিসুস্থ,CatViol,C21,10,a,প্রতিসুস্থ,430,200,17544,126.943504,প্রতিসুস্থ,prot̪iʃust̪ʰo,10,13,4,10,10,সুস্থ,Adj,NA,NA,195.0592062,2.290166453,175.553,2.244408255,0.001172992705,-2.930704689,710,NA,0.2059223883,-0.6862964334,0.001055691717,-2.976462886,0.06827728267,-0.006446267283,-0.07477685931,-0.02119424876,-0.04891087858,51.88104604
F18,94,মাছরাঙা,Filler,F18,7,a,মাছরাঙা,499,158,17727,126.9789513,মাছরাঙা,macʰraŋa,7,9,4,7,7,মাছ,NA,NA,NA,194.3120908,2.288499825,169.052,2.228020313,0.001787364091,-2.747786972,1870,NA,0.3021574743,-0.5197666584,0.001555011184,-2.808266483,0.04779409787,-0.004512387098,0.06003197359,0.04641537705,0.06136045938,51.76127842
G37,205,প্রতিভাস,Gramm,G37,8,a,প্রতিভাস,483,158,18584,119.6049959,প্রতিভাস,prot̪ibʱaʃ,8,11,4,8,8,ভাস,NA,NA,3,190.3747306,2.279609302,177.048,2.248091025,0.001759243523,-2.754674039,5067,NA,0.3114705472,-0.5065830142,0.001636091861,-2.786192316,0.05462182614,-0.005157013827,0.01509569595,-0.001148495854,0.03126820892,54.28921688
G38,206,প্রতিশোধ,Gramm,G38,8,a,প্রতিশোধ,504,160,19027,127.8754473,প্রতিশোধ,prot̪iʃod̪ʱ,8,12,4,8,8,শোধ,NA,NA,1.833333333,185.6116112,2.268605141,157.77,2.198024426,0.002118500579,-2.673971413,1538,NA,0.3342358363,-0.4759469875,0.001800726981,-2.744552128,0.05462182614,-0.005157013827,0.01509569595,0.02696660855,0.05838383291,54.65582084
S11,239,দুর্পেট,SemViol,S11,7,a,দুর্পেট,297,200,12106,123.9042568,দুর্পেট,d̪urpet,6,8,3,7,7,পেট,NA,NA,6.266666667,178.4012233,2.251397828,169.481,2.229121018,0.002185810455,-2.660387501,3420,NA,0.3704533418,-0.4312664832,0.002076517946,-2.682664311,0.0409663696,0.05573520493,0.01142901567,0.08323292542,-0.0647606188,36.96363547
S12,240,প্রতিবাতি,SemViol,S12,9,a,প্রতিবাতি,520,158,21002,123.8988247,প্রতিবাতি,prot̪ibat̪i,9,12,4,9,9,বাতি,NA,NA,5.633333333,172.7699186,2.237468129,183.136,2.262773724,0.002192342947,-2.659091508,1517,NA,0.4014969179,-0.3963177842,0.002323882081,-2.633785913,0.06144955441,-0.005801640555,-0.02984058168,-0.009048152732,0.0674512821,62.18046539
C22,22,প্রতিনীল,CatViol,C22,8,a,প্রতিনীল,464,158,19677,128.2180663,প্রতিনীল,prot̪inil,8,9,4,8,8,নীল,Adj/N,NA,NA,172.2473517,2.236152553,165.357,2.218422584,0.002465608551,-2.608075872,3689,NA,0.4077056332,-0.3896532879,0.002366977658,-2.625805841,0.05462182614,-0.005157013827,0.01509569595,0.02813132962,0.01051075115,56.5886417
F19,95,পাহাড়ের,Filler,F19,8,a,পাহাড়ের,489,169,17213,127.9811065,পাহাড়ের,pahaɽer,7,8,4,8,8,পাহাড়,NA,NA,NA,169.0312372,2.22796697,148.747,2.172448215,0.003074854316,-2.512175456,1354,NA,0.457375355,-0.3397272404,0.002705862908,-2.567694211,0.04779409787,0.0550905782,0.0601392173,0.01765305231,0.03159680449,49.69676255
S13,241,প্রতিপাহাড়,SemViol,S13,11,a,প্রতিপাহাড়,596,169,22071,118.8595321,প্রতিপাহাড়,prot̪ipahaɽ,10,12,5,11,11,পাহাড়,NA,NA,6.333333333,169.0312372,2.22796697,180.863,2.25734973,0.002786311845,-2.554970279,1354,NA,0.5039407192,-0.2976205486,0.002981346688,-2.525587519,0.06827728267,0.05315669802,0.01897686365,-0.1377871419,0.004594876978,65.64677732
C23,23,দুঃখারাপ,CatViol,C23,8,a,দুঃখারাপ,498,200,17156,126.4091288,দুঃখারাপ,d̪ukʰarap,7,9,4,8,8,খারাপ,Adj,NA,NA,153.2993876,2.18554042,159.431,2.20257277,0.003212794288,-2.493117081,261,NA,0.5122190061,-0.2905443109,0.00334129845,-2.476084731,0.04779409787,0.0550905782,0.0601392173,0.01230917022,0.04201758076,52.67856066
C24,24,প্রতিগভীর,CatViol,C24,9,a,প্রতিগভীর,572,158,23773,124.3248404,প্রতিগভীর,prot̪igobʱir,10,12,5,9,9,গভীর,Adj/N,NA,NA,152.2563235,2.182575339,152.256,2.182574416,0.003425363066,-2.465293389,635,NA,0.521532079,-0.2827189733,0.003425355788,-2.465294312,0.06827728267,-0.06604923258,0.01876237623,-0.05486979016,0.01312559323,70.16507014
S14,242,প্রতিমালা,SemViol,S14,9,a,প্রতিমালা,505,158,19175,131.3387779,প্রতিমালা,prot̪imala,9,11,4,9,9,মালা,NA,NA,6.7,148.2982675,2.171136077,155.713,2.192324872,0.003349316236,-2.475043845,4649,NA,0.521532079,-0.2827189733,0.003516777962,-2.453855051,0.06144955441,-0.005801640555,-0.02984058168,0.01624370268,0.05121398273,55.10760032
S15,243,প্রতিসাপ,SemViol,S15,8,a,প্রতিসাপ,465,158,17202,125.2165662,প্রতিসাপ,prot̪iʃap,8,10,4,8,8,সাপ,NA,NA,6.4,145.3936236,2.16254536,142.486,2.153772195,0.004357421239,-2.360770454,3561,NA,0.6208715226,-0.2069982594,0.004270280272,-2.36954362,0.05462182614,-0.005157013827,0.01509569595,0.01792783713,0.0110055032,50.81636104
C25,25,দুঃকালো,CatViol,C25,7,a,দুঃকালো,465,200,16652,125.7984696,দুঃকালো,d̪ukalo,6,7,3,7,7,কালো,Adj,NA,NA,144.618569,2.16022406,156.188,2.193647664,0.004279916976,-2.368564656,1989,NA,0.6684716726,-0.1749169918,0.00462230872,-2.335141052,0.0409663696,0.05573520493,0.01142901567,0.08967223424,0.1370882211,49.61063729
G39,207,প্রতিবন্ধন,Gramm,G39,10,a,প্রতিবন্ধন,540,158,21180,126.6758726,প্রতিবন্ধন,prot̪ibɔnd̪ʱon,11,15,5,10,10,বন্ধন,NA,NA,1.833333333,142.9349724,2.155138502,131.5,2.118925753,0.00540606763,-2.267118526,2098,NA,0.7108978933,-0.1481927728,0.004973575615,-2.303331275,0.07510501094,-0.06669385931,-0.0261739014,-0.06937391475,-0.03386677535,60.78834173
S16,244,প্রতিসেতু,SemViol,S16,9,a,প্রতিসেতু,486,200,19841,129.1071029,প্রতিসেতু,prot̪iʃet̪u,9,12,4,9,9,সেতু,NA,NA,6.3,142.2427006,2.153029989,152.2,2.182414652,0.00521472249,-2.282768798,724,NA,0.793680763,-0.1003541459,0.005579764442,-2.253384135,0.06144955441,-0.005801640555,-0.02984058168,0.008657203153,0.02791259216,59.0691986
F20,96,খাদ্যশস্য,Filler,F20,9,a,খাদ্যশস্য,482,158,15651,121.5661891,খাদ্যশস্য,kʰad̪d̪oʃorʃo,10,14,4,9,9,খাদ্য,NA,NA,NA,140.6149824,2.148031597,140.615,2.148031651,0.006240432519,-2.204785309,1695,NA,0.8774984186,-0.05675365753,0.0062404333,-2.204785254,0.06827728267,-0.06604923258,-0.07488410302,-0.007305123297,0.03017758756,44.37792928
S17,245,প্রতিবালি,SemViol,S17,9,a,প্রতিবালি,503,158,20063,126.5532549,প্রতিবালি,prot̪ibali,9,11,4,9,9,বালি,NA,NA,6.6,137.4061114,2.138006049,138.78,2.142326883,0.006375139932,-2.195510278,2743,NA,0.8847419197,-0.05318339506,0.006438883327,-2.191189444,0.06144955441,-0.005801640555,-0.02984058168,-0.0000245,0.04769373429,58.6899002
S18,246,প্রতিবাগান,SemViol,S18,10,a,প্রতিবাগান,596,158,22036,125.0169089,প্রতিবাগান,prot̪ibagan,10,12,5,10,10,বাগান,NA,NA,6,136.0857247,2.13381257,121.116,2.083201519,0.007509963841,-2.124362154,1618,NA,0.9095767806,-0.04116063472,0.00668385154,-2.174973205,0.06827728267,-0.006446267283,0.01886961994,-0.08468624357,0.02404963357,64.50373558
C26,26,প্রতিগরম,CatViol,C26,8,a,প্রতিগরম,516,158,19695,124.729177,প্রতিগরম,prot̪igɔrom,10,11,5,8,8,গরম,N/Adj,NA,NA,135.9687939,2.133439245,149.566,2.174832879,0.006385858811,-2.194780688,933,NA,0.9551073589,-0.01994780878,0.007024460036,-2.153387054,0.06827728267,-0.1256521979,0.01865513252,-0.02132614674,-0.03590401715,57.15323503
C27,27,প্রতিসঠিক,CatViol,C27,9,a,প্রতিসঠিক,566,158,23169,127.5051156,প্রতিসঠিক,prot̪iʃɔtʰik,10,12,5,9,9,সঠিক,Adj,NA,NA,131.6889195,2.119549234,127.738,2.106320112,0.007574291043,-2.120658011,257,NA,0.9675247893,-0.01433789895,0.007347047823,-2.133887133,0.06827728267,-0.06604923258,0.01876237623,-0.04405855811,0.006678596236,66.06236031
C28,28,দুঃকঠিন,CatViol,C28,7,a,দুঃকঠিন,468,200,18659,130.3431393,দুঃকঠিন,d̪uktʰin,6,8,4,7,7,কঠিন,Adj,NA,NA,131.3608924,2.11846609,114.284,2.057985433,0.008819094869,-2.054575986,344,NA,1.007881438,0.00340944694,0.007672614121,-2.115056643,0.0409663696,0.05573520493,0.1050754949,0.04817907319,0.01615642738,54.62924118
G40,208,প্রতিগ্রাহ,Gramm,G40,10,a,প্রতিগ্রাহ,448,158,17516,121.335311,প্রতিগ্রাহ,prot̪igraho,10,12,4,10,10,গ্রাহ,NA,NA,2.6,126.0069103,2.100394363,124.747,2.09603011,0.008087699295,-2.092175004,1735,NA,1.008916224,0.003855105816,0.008006832495,-2.096539257,0.06827728267,-0.006446267283,-0.07477685931,-0.04025910074,-0.02864738063,52.343671
S19,247,প্রতিহাতি,SemViol,S19,9,a,প্রতিহাতি,503,158,20522,127.8621277,প্রতিহাতি,prot̪ihat̪i,9,12,4,9,9,হাতি,NA,NA,6.7,121.6111399,2.084973359,108.234,2.034363709,0.01020119855,-1.991348799,1269,NA,1.104116524,0.0430149095,0.009079073882,-2.04195845,0.06144955441,-0.005801640555,-0.02984058168,0.004424954387,0.04800076634,60.68523227
C29,29,দুর্সতর্ক,CatViol,C29,9,a,দুর্সতর্ক,396,200,15786,124.6867286,দুর্সতর্ক,d̪urʃot̪ɔrko,10,12,4,9,9,সতর্ক,Adj,NA,NA,119.875804,2.078731533,113.882,2.056455086,0.01021319716,-1.990838284,510,NA,1.163099319,0.06561680145,0.009702536126,-2.013114732,0.06827728267,-0.06604923258,-0.07488410302,0.003303039378,-0.072190327,46.50535353
F21,97,দরজাটা,Filler,F21,6,a,দরজাটা,444,158,16331,125.0205987,দরজাটা,d̪ɔrɟata,7,9,4,6,6,দরজা,NA,NA,NA,118.0690679,2.072136135,105.081,2.021524197,0.01134432793,-1.945221228,291,NA,1.192073323,0.07630296916,0.01009640666,-1.995833166,0.04779409787,-0.0641153524,0.05992472988,0.07192714285,0.01297545169,48.27861771
S20,248,দুর্ব্যাঙ,SemViol,S20,9,a,দুর্ব্যাঙ,352,200,13559,125.9154872,দুর্ব্যাঙ,d̪urbæŋ,6,8,3,9,9,ব্যাঙ,NA,NA,6.4,117.6261795,2.070503991,119.979,2.079105238,0.01036691935,-1.98435028,1147,NA,1.243812617,0.0947549579,0.01057428391,-1.975749033,0.0409663696,0.1749411355,0.01164350309,0.02573180024,-0.03437358197,41.82891053
C30,30,দুঃসাদা,CatViol,C30,7,a,দুঃসাদা,397,200,13534,132.7447619,দুঃসাদা,d̪uʃad̪a,6,8,3,7,7,সাদা,Adj,NA,NA,111.9151963,2.048889061,113.034,2.053209097,0.01218482929,-1.914180551,1363,NA,1.377299994,0.1390285456,0.01230663967,-1.909860515,0.0409663696,0.05573520493,0.01142901567,0.113285907,0.05719679554,41.82250052
S21,249,প্রতিনৌকা,SemViol,S21,9,a,প্রতিনৌকা,562,160,22515,124.6040806,প্রতিনৌকা,prot̪ino͡u̯ka,10,14,4,9,9,নৌকা,NA,NA,6.7,108.1589236,2.034062357,107.077,2.029696195,0.01340388695,-1.872769244,589,NA,1.435248003,0.1569269513,0.01326980664,-1.877135405,0.06827728267,-0.06604923258,-0.07488410302,0.003022080451,0.1267971133,64.6642697
C31,31,প্রতিতীব্র,CatViol,C31,10,a,প্রতিতীব্র,481,158,21099,129.0768676,প্রতিতীব্র,prot̪it̪ibro,10,12,4,10,10,তীব্র,Adj,NA,NA,107.7501832,2.032418017,92.665,1.96691573,0.0157789072,-1.801923078,417,NA,1.462152436,0.1649926521,0.01356983712,-1.867425365,0.06827728267,-0.006446267283,-0.07477685931,-0.01394195533,0.01273021231,61.92515998
F22,98,কাগজপত্র,Filler,F22,8,a,কাগজপত্র,530,158,18151,122.3493421,কাগজপত্র,kagoɟpɔt̪ro,10,12,5,8,8,কাগজ,NA,NA,NA,107.6818873,2.032142659,91.53,1.961563462,0.01604240305,-1.794730577,622,NA,1.468361151,0.1668328857,0.01363610156,-1.865309773,0.06827728267,-0.1256521979,0.01865513252,-0.02941631056,-0.01967856441,54.17795445
G41,209,দুর্ভাগ্য,Gramm,G41,9,a,দুর্ভাগ্য,369,200,14067,127.8022199,দুর্ভাগ্য,d̪urbʱaggo,8,11,3,9,9,ভাগ্য,NA,NA,1.7,106.7826584,2.028500729,116.393,2.065926862,0.01264221653,-1.898176776,1950,NA,1.471465508,0.1677500864,0.01378000445,-1.860750642,0.05462182614,0.05444595147,-0.07844353959,0.05149116256,0.004107758331,44.3194585
S22,250,দুর্দ্বীপ,SemViol,S22,9,a,দুর্দ্বীপ,299,200,13337,131.0394027,দুর্দ্বীপ,d̪urd̪͡ip,6,12,3,9,9,দ্বীপ,NA,NA,5.433333333,101.9015734,2.00818089,100.883,2.003817989,0.01477049309,-1.830605006,2315,NA,1.490091654,0.1732129822,0.01462285227,-1.834967907,0.0409663696,0.1749411355,0.01164350309,0.04315036813,-0.0967099514,40.39676326
G42,210,দুর্বুদ্ধি,Gramm,G42,10,a,দুর্বুদ্ধি,324,200,15226,125.1698954,দুর্বুদ্ধি,d̪urbud̪d̪ʱi,8,13,3,10,10,বুদ্ধি,NA,NA,2.366666667,101.8353471,2.007898548,86.56,1.937317248,0.01999996259,-1.698970817,3221,NA,1.731196762,0.2383464311,0.01699995936,-1.769552117,0.05462182614,0.1140489168,-0.07833629588,0.01037355378,-0.06846773447,46.7872467
C32,32,প্রতিখালি,CatViol,C32,9,a,প্রতিখালি,503,158,19935,131.7986568,প্রতিখালি,prot̪ikʰali,9,11,4,9,9,খালি,Adj,NA,NA,101.434885,2.006187341,89.263,1.950671479,0.01969574398,-1.70562761,2328,NA,1.758101195,0.2450438691,0.01733231319,-1.761143472,0.06144955441,-0.005801640555,-0.02984058168,0.01780704459,0.04892418733,59.34345912
C33,33,দুঃসামান্য,CatViol,C33,10,a,দুঃসামান্য,540,200,19171,126.0765263,দুঃসামান্য,d̪uʃamanno,9,10,4,10,10,সামান্য,Adj/N,NA,NA,98.21463137,1.992176191,90.357,1.955961803,0.02038490488,-1.690691311,416,NA,1.84191885,0.2652704924,0.01875401683,-1.726905699,0.06144955441,0.05380132474,-0.02973333797,-0.03381424943,0.07392847322,56.02022698
S23,251,দুর্সূর্য,SemViol,S23,9,a,দুর্সূর্য,286,200,11863,130.6886182,দুর্সূর্য,d̪urʃurɟo,8,10,3,9,9,সূর্য,NA,NA,5.166666667,97.66722964,1.989748869,104.504,2.019132914,0.01767485245,-1.752644203,2683,NA,1.84709278,0.2664887107,0.01891210375,-1.723260158,0.05462182614,0.05444595147,-0.07844353959,0.06130337058,-0.09471857154,36.66778019
S24,252,প্রতিদুধ,SemViol,S24,8,a,প্রতিদুধ,415,200,16801,131.3241164,প্রতিদুধ,prot̪id̪ud̪ʱ,8,13,4,8,8,দুধ,NA,NA,6.033333333,97.32988945,1.98824623,93.437,1.970518886,0.02028883329,-1.692742926,1316,NA,1.895727716,0.2777759596,0.01947734377,-1.71047027,0.05462182614,-0.005157013827,0.01509569595,0.03869023609,-0.04750361877,51.21611995
F03,79,মাংসের,Filler,F03,6,a,মাংসের,416,160,14516,130.4192733,মাংসের,maŋʃer,6,6,3,6,6,মাংস,NA,NA,NA,97.26883708,1.987973724,88.515,1.947016874,0.02182619015,-1.661022066,1587,NA,1.931945221,0.2859948081,0.01986191342,-1.701978915,0.0409663696,-0.00386776037,0.01132177196,0.1375496071,0.09743955306,41.30740132
C34,34,প্রতিসবুজ,CatViol,C34,9,a,প্রতিসবুজ,532,200,21306,123.182147,প্রতিসবুজ,prot̪isbuɟ,6,10,5,9,9,সবুজ,Adj,NA,NA,96.35512116,1.983874802,87.683,1.9429154,0.02327244435,-1.633158,548,NA,2.040597738,0.3097574009,0.02117788565,-1.674117401,0.0409663696,0.1749411355,0.1989364616,-0.09744529927,-0.07041298542,62.96889952
S25,253,দুর্সমুদ্র,SemViol,S25,10,a,দুর্সমুদ্র,350,200,14921,121.4032852,দুর্সমুদ্র,d̪urʃomud̪ro,10,13,4,10,10,সমুদ্র,NA,NA,6.033333333,96.31166015,1.983678869,83.791,1.923197374,0.02525494511,-1.597653571,1884,NA,2.116137106,0.3255438025,0.0219717644,-1.658135066,0.06827728267,-0.006446267283,-0.07477685931,-0.04002802487,-0.1461173939,44.96615194
C35,35,দুর্পুরনো,CatViol,C35,9,a,দুর্পুরনো,438,200,17922,128.7929686,দুর্পুরনো,d̪urpurono,9,10,4,9,9,পুরনো,Adj,NA,NA,92.19321239,1.964698948,82.052,1.914089171,0.0264964305,-1.576812629,158,NA,2.174085115,0.3372765426,0.02358183492,-1.627422405,0.06144955441,-0.005801640555,-0.02984058168,0.00758931481,-0.02970523961,54.49624586
C36,36,প্রতিসক্ষম,CatViol,C36,10,a,প্রতিসক্ষম,544,158,21269,127.6924911,প্রতিসক্ষম,prot̪iʃɔkkʰom,11,13,5,10,10,সক্ষম,Adj,NA,NA,90.94422584,1.95877513,77.303,1.888196348,0.03046676897,-1.516173601,200,NA,2.355172642,0.3720227479,0.02589689032,-1.586752383,0.07510501094,-0.06669385931,-0.0261739014,-0.06591795644,-0.02883295433,59.19701888
S26,254,প্রতিপাথর,SemViol,S26,9,a,প্রতিপাথর,556,158,20888,127.6099725,প্রতিপাথর,prot̪ipat̪ʰor,10,14,5,9,9,পাথর,NA,NA,6.866666667,90.65862494,1.957409128,97.911,1.990831486,0.02458265094,-1.609371286,1112,NA,2.406911936,0.3814602006,0.02654917762,-1.575948927,0.06827728267,-0.06604923258,0.01876237623,-0.04370210082,-0.005285169813,61.76077403
F23,99,পশুপাখি,Filler,F23,7,a,পশুপাখি,448,200,16407,124.9201184,পশুপাখি,poʃupakʰi,8,10,4,7,7,পাখি,NA,NA,NA,89.99636198,1.954224954,98.996,1.995617647,0.02607974815,-1.583696607,1138,NA,2.581790748,0.4119210401,0.02868772349,-1.542303914,0.05462182614,-0.06475997913,0.01498845224,0.04908918899,0.008566120741,48.97535971
S27,255,দুর্মধু,SemViol,S27,7,a,দুর্মধু,299,200,11931,122.6693187,দুর্মধু,d̪urmod̪ʱu,7,11,3,7,7,মধু,NA,NA,6.533333333,89.95497055,1.954025166,91.754,1.962625006,0.02846523899,-1.545685166,3134,NA,2.611799538,0.4169398407,0.02903452163,-1.537085325,0.04779409787,-0.004512387098,-0.03361450567,0.08870753833,-0.05382336579,36.69829462
S28,256,প্রতিডিম,SemViol,S28,8,a,প্রতিডিম,481,158,19503,121.759488,প্রতিডিম,prot̪idim,8,10,4,8,8,ডিম,NA,NA,6.733333333,88.45246146,1.946709923,75.185,1.876131204,0.03651375828,-1.437543464,2283,NA,2.745286916,0.4385877402,0.03103686286,-1.508122183,0.05462182614,-0.005157013827,0.01509569595,0.006175623158,0.02937593157,56.81910671
G43,211,দুঃসাহস,Gramm,G43,7,a,দুঃসাহস,441,200,15410,125.2527759,দুঃসাহস,d̪uʃahoʃ,7,9,4,7,7,সাহস,NA,NA,1.933333333,87.06170925,1.939827189,75.744,1.879348236,0.03643554497,-1.43847473,699,NA,2.759773918,0.4408735059,0.03169905509,-1.498953683,0.04779409787,-0.004512387098,0.06003197359,0.04054730538,-0.00857696851,45.37760522
F24,100,বুদ্ধমূর্তি,Filler,F24,11,a,বুদ্ধমূর্তি,441,200,19990,128.216035,বুদ্ধমূর্তি,bud̪d̪ʱomurt̪i,10,15,4,11,11,মূর্তি,NA,NA,NA,86.70781248,1.93805823,78.904,1.89709902,0.03597305135,-1.444022722,2243,NA,2.838417644,0.4530762978,0.03273543136,-1.484981932,0.06827728267,0.05315669802,-0.0746696156,-0.04903744061,-0.05343554687,59.79573071
G44,212,দুর্গন্ধ,Gramm,G44,8,a,দুর্গন্ধ,293,200,11843,125.5988247,দুর্গন্ধ,d̪urgond̪ʱo,8,12,4,8,8,গন্ধ,NA,NA,2.6,85.44123458,1.931667515,87.15,1.940267391,0.0328661766,-1.483250815,3404,NA,2.864287291,0.457016576,0.03352347734,-1.474650939,0.05462182614,-0.005157013827,0.01509569595,0.01922731126,-0.1951046731,37.20251162
S29,257,দুর্কালি,SemViol,S29,8,a,দুর্কালি,366,200,15124,124.2809331,দুর্কালি,d̪urkali,7,8,3,8,8,কালি,NA,NA,5.666666667,84.85037185,1.92865375,88.244,1.945685186,0.03537859767,-1.451259386,3417,NA,3.121948973,0.4944258004,0.03679358033,-1.43422795,0.04779409787,0.0550905782,-0.03350726196,0.0620170484,0.008866340675,44.94506782
S30,258,প্রতিপুকুর,SemViol,S30,10,a,প্রতিপুকুর,535,200,22443,124.3018098,প্রতিপুকুর,prot̪ipukur,10,12,5,10,10,পুকুর,NA,NA,6.1,84.22432639,1.925437546,83.382,1.921072308,0.0381861328,-1.418094321,1848,NA,3.184036125,0.5029779865,0.03780423378,-1.42245956,0.06827728267,-0.006446267283,0.01886961994,-0.08711719744,-0.04924712755,67.57878388
G45,213,দুর্দশা,Gramm,G45,7,a,দুর্দশা,298,200,10898,123.3429604,দুর্দশা,d̪urd̪oʃa,7,10,3,7,7,দশা,NA,NA,1.933333333,83.56723737,1.922036045,84.403,1.926357883,0.03925671314,-1.406086066,2451,NA,3.313384359,0.5202718178,0.03964932267,-1.401764227,0.04779409787,-0.004512387098,-0.03361450567,0.09099755925,-0.05486418094,32.60185613
F25,101,হৃদয়ের,Filler,F25,7,a,হৃদয়ের,404,166,14563,127.8938921,হৃদয়ের,rid̪ɔʲer,7,9,4,7,7,হৃদয়,NA,NA,NA,82.57280814,1.916837054,85.05,1.929674318,0.03954208208,-1.402940467,2027,NA,3.363054081,0.5267338512,0.04072834819,-1.390103203,0.04779409787,-0.004512387098,0.06003197359,0.04952568565,-0.05231436571,40.60607285
G46,214,দুর্বৃত্তি,Gramm,G46,10,a,দুর্বৃত্তি,306,200,13742,126.5228503,দুর্বৃত্তি,d̪urbrit̪t̪i,9,13,3,10,10,বৃত্তি,NA,NA,2.2,82.19200694,1.914829585,76.439,1.883314997,0.04447038274,-1.351929133,3299,NA,3.399271586,0.5313858641,0.04135769052,-1.383443721,0.06144955441,0.05380132474,-0.1233798172,0.0246456166,-0.08090014633,42.91635149
S31,259,দুর্জাহাজ,SemViol,S31,9,a,দুর্জাহাজ,454,200,17582,129.5255877,দুর্জাহাজ,d̪urɟahaɟ,8,10,4,9,9,জাহাজ,NA,NA,6.733333333,80.43907968,1.905467093,86.874,1.938889818,0.04046282667,-1.392943781,686,NA,3.515167604,0.5459460371,0.04369974915,-1.359521056,0.05462182614,0.05444595147,0.01520293966,0.0004070863793,-0.01918127172,53.3731017
C37,37,প্রতিরাজী,CatViol,C37,9,a,প্রতিরাজী,520,158,22088,123.5566694,প্রতিরাজী,prot̪iraɟi,9,10,4,9,9,রাজী,Adj/N,NA,NA,78.85275294,1.89681686,69.39,1.841296887,0.05195552636,-1.284368251,704,NA,3.605193974,0.5569286365,0.04572058476,-1.339888224,0.06144955441,-0.005801640555,-0.02984058168,-0.01021129746,0.06737102017,65.04399452
S32,260,প্রতিবাঘ,SemViol,S32,8,a,প্রতিবাঘ,465,158,17777,125.0208189,প্রতিবাঘ,prot̪ibagʱ,8,11,4,8,8,বাঘ,NA,NA,6.666666667,77.70103626,1.890426811,73.039,1.863554819,0.0498557138,-1.302285061,1890,NA,3.64141148,0.561269757,0.0468643876,-1.329157054,0.05462182614,-0.005157013827,0.01509569595,0.01726240117,0.0109595853,51.47391999
S33,261,প্রতিরুটি,SemViol,S33,9,a,প্রতিরুটি,452,200,20565,122.2969282,প্রতিরুটি,prot̪iruti,9,11,4,9,9,রুটি,NA,NA,6.566666667,76.50896294,1.883712315,76.509,1.883712526,0.04924460333,-1.307641357,938,NA,3.767655356,0.5760711691,0.04924462718,-1.307641146,0.06144955441,-0.005801640555,-0.02984058168,-0.01449374272,-0.01444535588,63.1886567
C38,38,প্রতিমোটা,CatViol,C38,9,a,প্রতিমোটা,533,160,21265,123.3034737,প্রতিমোটা,prot̪imota,9,10,4,9,9,মোটা,Adj,NA,NA,75.039567,1.875290319,77.291,1.888128926,0.04981742022,-1.302618766,728,NA,3.850438226,0.5855101602,0.05131210613,-1.289780159,0.06144955441,-0.005801640555,-0.02984058168,-0.01107202721,0.08289649822,61.62385094
G47,215,প্রতিশ্রুতি,Gramm,G47,11,a,প্রতিশ্রুতি,518,158,21239,125.2541054,প্রতিশ্রুতি,prot̪isrut̪i,10,13,4,11,11,শ্রুতি,NA,NA,1.9,70.65621405,1.849150363,65.004,1.812940082,0.05924978481,-1.227313223,987,NA,3.851473012,0.585626859,0.0545100394,-1.263523504,0.06827728267,0.05315669802,-0.0746696156,-0.05910641459,0.03818004719,61.7398402
C39,39,প্রতিপচা,CatViol,C39,8,a,প্রতিপচা,454,158,16920,127.6029232,প্রতিপচা,prot̪ipɔca,9,10,4,8,8,পচা,Adj/V,NA,NA,67.55289123,1.829643941,67.553,1.829644641,0.05707536534,-1.2435513,1508,NA,3.855612155,0.5860933407,0.05707545724,-1.243550601,0.06144955441,-0.06540460585,-0.02994782539,0.03571291352,0.007207358356,50.46487245
S34,262,দুর্পেঁয়াজ,SemViol,S34,10,a,দুর্পেঁয়াজ,454,200,17709,125.3756758,দুর্পেঁয়াজ,d̪urpẽʷaɟ,8,11,4,10,10,পেঁয়াজ,NA,NA,6.733333333,67.36766456,1.828451492,69.389,1.841290629,0.05666872718,-1.246656542,239,NA,3.93218631,0.5946340869,0.05836904598,-1.233817405,0.05462182614,0.1140489168,0.01531018337,-0.04586950661,-0.0381651223,55.35130187
C40,40,প্রতিলম্বা,CatViol,C40,10,a,প্রতিলম্বা,466,159,18302,124.2671305,প্রতিলম্বা,prot̪ilɔmba,9,11,4,10,10,লম্বা,Adj,NA,NA,67.07482016,1.826559517,58.355,1.766078073,0.07781064865,-1.108960964,420,NA,4.540640402,0.6571171091,0.06769515582,-1.169442408,0.06144955441,0.05380132474,-0.02973333797,-0.03996522588,-0.01520985728,52.84810285
S35,263,দুর্চামচ,SemViol,S35,8,a,দুর্চামচ,377,200,14532,124.7205684,দুর্চামচ,d̪urcamoc,8,10,4,8,8,চামচ,NA,NA,6.633333333,66.7126451,1.82420816,72.717,1.861635953,0.06419295438,-1.192512636,432,NA,4.667919064,0.6691233173,0.06997052893,-1.155084843,0.05462182614,-0.005157013827,0.01509569595,0.01624171031,-0.0946084421,42.45288411
C41,41,দুর্বিখ্যাত,CatViol,C41,11,a,দুর্বিখ্যাত,496,200,19688,120.6160102,দুর্বিখ্যাত,d̪urbikʰkʰat̪o,10,14,4,11,11,বিখ্যাত,Adj,NA,NA,66.26044367,1.82125434,61.622,1.78973579,0.08280369235,-1.081950297,216,NA,5.10252913,0.7077854928,0.07700716819,-1.113468847,0.06827728267,0.05315669802,-0.0746696156,-0.07487345371,0.01071765576,60.30634375
F26,102,পতাকাগুলি,Filler,F26,9,a,পতাকাগুলি,614,200,23123,123.5610226,পতাকাগুলি,pɔt̪akaguli,10,12,5,9,9,পতাকা,NA,NA,NA,65.19564901,1.814218613,67.803,1.83124891,0.07559096823,-1.121530092,372,NA,5.125294419,0.7097188182,0.07861405626,-1.104499795,0.06827728267,-0.06604923258,0.01876237623,-0.05746636152,0.06329754387,68.46688804
C42,42,দুর্ভদ্র,CatViol,C42,8,a,দুর্ভদ্র,277,200,11501,128.1887669,দুর্ভদ্র,d̪urbʱod̪ro,8,11,3,8,8,ভদ্র,Adj,NA,NA,65.15736194,1.813963492,58.642,1.768208774,0.08895255235,-1.050841586,1777,NA,5.216355575,0.7173671876,0.08005780805,-1.096596305,0.05462182614,-0.005157013827,-0.0785507833,0.08497433087,-0.0880841323,36.01073825
S36,264,প্রতিছানা,SemViol,S36,9,a,প্রতিছানা,505,158,19216,119.6081613,প্রতিছানা,prot̪icʰana,9,12,4,9,9,ছানা,NA,NA,6.466666667,62.38310102,1.795066959,60.512,1.781841507,0.08858062553,-1.052661257,941,NA,5.360190812,0.72918025,0.0859237634,-1.065886709,0.06144955441,-0.005801640555,-0.02984058168,-0.02363410985,0.04846224452,56.34637331
S37,265,প্রতিচিনি,SemViol,S37,9,a,প্রতিচিনি,491,158,21057,123.0911038,প্রতিচিনি,prot̪icini,9,11,4,9,9,চিনি,NA,NA,6.6,61.92676045,1.791878362,63.165,1.8004765,0.08785809588,-1.056218213,698,NA,5.549556626,0.7442582872,0.08961483833,-1.047620074,0.06144955441,-0.005801640555,-0.02984058168,-0.01179397111,0.03249555595,61.68170488
G48,216,প্রতিভূতি,Gramm,G48,9,a,প্রতিভূতি,499,199,21629,121.2716102,প্রতিভূতি,prot̪ibʱut̪i,9,13,4,9,9,ভূতি,NA,NA,2.466666667,60.22039855,1.779743625,61.425,1.788345165,0.09098703279,-1.041020498,1518,NA,5.588878489,0.7473246675,0.09280706577,-1.032418958,0.06144955441,-0.005801640555,-0.02984058168,-0.01797927467,0.04165943426,66.1224333
G49,217,প্রতিসরণ,Gramm,G49,8,a,প্রতিসরণ,508,158,19010,126.3657473,প্রতিসরণ,prot̪iʃɔron,10,12,5,8,8,সরণ,NA,NA,2.5,60.11485039,1.778981771,57.109,1.756704556,0.1001464132,-0.9993646008,645,NA,5.719261509,0.7573399548,0.0951389128,-1.021641816,0.06827728267,-0.1256521979,0.01865513252,-0.01576268441,-0.04511080514,55.23055552
G50,218,প্রতিগমন,Gramm,G50,8,a,প্রতিগমন,516,158,19530,125.6528833,প্রতিগমন,prot̪igɔmon,10,12,5,8,8,গমন,NA,NA,2.466666667,59.03453394,1.771106139,52.541,1.720498334,0.1124968481,-0.9488596454,1929,NA,5.910696895,0.771638689,0.1001226994,-0.99946745,0.06827728267,-0.1256521979,0.01865513252,-0.01818604014,-0.03568733647,56.19448969
S38,266,দুর্বীজ,SemViol,S38,7,a,দুর্বীজ,323,200,14447,123.0850826,দুর্বীজ,d̪urbiɟ,6,8,3,7,7,বীজ,NA,NA,6.433333333,57.34990254,1.758532684,63.085,1.799926107,0.09618743516,-1.016881656,2067,NA,6.067984347,0.7830444518,0.1058063585,-0.9754882324,0.0409663696,0.05573520493,0.01142901567,0.08044817196,-0.0337830345,42.81520246
S39,267,দুর্কুকুর,SemViol,S39,9,a,দুর্কুকুর,397,200,17836,123.6684132,দুর্কুকুর,d̪urkukur,8,10,4,9,9,কুকুর,NA,NA,6.8,55.20168707,1.741952351,50.786,1.705744008,0.1202149537,-0.9200415065,647,NA,6.105236639,0.7857025019,0.1105987328,-0.9562498489,0.05462182614,0.05444595147,0.01520293966,-0.01950416932,-0.08888890257,53.81486299
C43,43,প্রতিউজ্জ্বল,CatViol,C43,12,a,প্রতিউজ্জ্বল,591,158,23274,127.2007005,প্রতিউজ্জ্বল,prot̪i͡u̯ɟɟɔl,10,13,5,12,12,উজ্জ্বল,Adj,NA,NA,54.90780788,1.739634105,58.202,1.764937909,0.105270732,-0.9776923573,639,NA,6.126967142,0.7872455513,0.1115864461,-0.9523885542,0.06827728267,0.1127596633,0.01908410736,-0.1416007531,-0.01745302931,71.32545042
C44,44,প্রতিভারী,CatViol,C44,9,a,প্রতিভারী,522,158,22266,127.3522956,প্রতিভারী,prot̪ibʱari,9,11,4,9,9,ভারী,Adj,NA,NA,53.45807288,1.728013299,52.389,1.719240109,0.1258990464,-0.8999775594,275,NA,6.595725141,0.8192625493,0.1233812741,-0.9087507494,0.06144955441,-0.005801640555,-0.02984058168,0.002691798357,0.07065906114,65.22444905
S40,268,দুর্শিং,SemViol,S40,7,a,দুর্শিং,268,200,10967,123.0084999,দুর্শিং,d̪urʃiŋ,6,8,2,7,7,শিং,NA,NA,6.4,53.41564666,1.72766849,50.745,1.705393257,0.1328938717,-0.8764950457,1562,NA,6.743699521,0.8288982112,0.1262495157,-0.8987702792,0.0409663696,0.05573520493,-0.08221746358,0.1371304353,0.02585738355,33.41655904
S41,269,দুর্খড়,SemViol,S41,7,a,দুর্খড়,287,200,11132,126.8663061,দুর্খড়,d̪urkʰɔɽ,6,9,3,7,7,খড়,NA,NA,6.433333333,53.36287258,1.7272392,57.098,1.756620896,0.118959236,-0.9246018337,1531,NA,6.792334457,0.8320190626,0.1272857725,-0.8952201375,0.0409663696,0.05573520493,0.01142901567,0.09330230631,-0.07605415192,35.53831404
S42,270,প্রতিময়দা,SemViol,S42,9,a,প্রতিময়দা,545,166,20534,121.7644977,প্রতিময়দা,prot̪imɔʲd̪a,10,13,5,9,9,ময়দা,NA,NA,6.433333333,52.42639137,1.719549965,51.378,1.710777194,0.1388093001,-0.8575814354,288,NA,7.131744223,0.853195759,0.1360334754,-0.8663542063,0.06827728267,-0.06604923258,0.01876237623,-0.0635735838,-0.01984358585,58.80385971
C45,45,দুঃহালকা,CatViol,C45,8,a,দুঃহালকা,499,200,17681,125.0919584,দুঃহালকা,d̪uhalka,7,8,4,8,8,হালকা,Adj,NA,NA,51.26536162,1.709824025,53.316,1.726857559,0.1341324397,-0.8724661761,134,NA,7.151405154,0.8543913832,0.1394977998,-0.855432642,0.04779409787,0.0550905782,0.0601392173,0.007831496446,0.04290743859,52.02848092
S43,271,দুর্সবজি,SemViol,S43,8,a,দুর্সবজি,414,200,16895,121.7411726,দুর্সবজি,d̪urʃobɟi,8,10,4,8,8,সবজি,NA,NA,6.533333333,49.94187049,1.698464804,42.95,1.632963168,0.1735886426,-0.7604786928,275,NA,7.4556322,0.8724844753,0.1492862027,-0.8259803288,0.05462182614,-0.005157013827,0.01509569595,0.006113360609,-0.05095039767,50.48813054
S44,272,প্রতিদাঁত,SemViol,S44,9,a,প্রতিদাঁত,472,158,18542,129.3346229,প্রতিদাঁত,prot̪id̪ãt̪,8,13,4,9,9,দাঁত,NA,NA,6.8,47.59083699,1.677523343,49.019,1.690364447,0.1580708828,-0.8011481213,414,NA,7.748476602,0.8892163259,0.1628144637,-0.788307017,0.05462182614,0.05444595147,0.01520293966,-0.0002420916437,0.002352985847,56.82220777
C46,46,প্রতিদৃঢ়,CatViol,C46,9,a,প্রতিদৃঢ়,404,197,16297,119.4535384,প্রতিদৃঢ়,prot̪id̪riɽʱo,10,13,4,9,9,দৃঢ়,Adj,NA,NA,47.52047155,1.676880742,44.194,1.645363311,0.1774828461,-0.7508436155,562,NA,7.843676902,0.8945196958,0.165058903,-0.7823610457,0.06827728267,-0.06604923258,-0.07488410302,-0.01448700396,-0.06382722496,48.96515928
C47,47,প্রতিউঁচু,CatViol,C47,9,a,প্রতিউঁচু,443,200,18976,120.233153,প্রতিউঁচু,prot̪i͡ũ̯cu,8,12,4,9,9,উঁচু,Adj,NA,NA,47.32075788,1.675051692,47.321,1.675053914,0.1688379728,-0.772529871,241,NA,7.98958171,0.9025240427,0.1688388367,-0.7725276489,0.05462182614,0.05444595147,0.01520293966,-0.03118221379,-0.03454826685,57.95973074
S45,273,দুর্চামড়া,SemViol,S45,10,a,দুর্চামড়া,446,200,17043,125.2723039,দুর্চামড়া,d̪urcamɽa,8,10,4,10,10,চামড়া,NA,NA,6.5,46.98341768,1.671944605,46.983,1.671940744,0.1702728555,-0.7688545808,232,NA,7.999929568,0.9030861634,0.1702713417,-0.7688584417,0.05462182614,0.1140489168,0.01531018337,-0.0462209157,-0.04778006151,50.70406689
S46,274,দুর্বিছানা,SemViol,S46,10,a,দুর্বিছানা,477,200,19078,121.48549,দুর্বিছানা,d̪urbicʰana,9,12,4,10,10,বিছানা,NA,NA,6.7,46.4546421,1.667029118,50.171,1.700452757,0.1613301525,-0.7922844556,232,NA,8.094095083,0.9081683018,0.174236518,-0.7588608167,0.06144955441,0.05380132474,-0.02973333797,-0.0494213135,-0.002675168013,56.84630644
S47,275,প্রতিগোলাপ,SemViol,S47,10,a,প্রতিগোলাপ,634,160,23126,124.489627,প্রতিগোলাপ,prot̪igolap,10,12,5,10,10,গোলাপ,NA,NA,6.633333333,45.64750913,1.659417084,39.713,1.598932696,0.2066809742,-0.6846995001,576,NA,8.207921528,0.9142331957,0.1798109401,-0.7451838885,0.06827728267,-0.006446267283,0.01886961994,-0.08647871957,0.06948172496,68.90895977
S48,276,দুঃআলু,SemViol,S48,6,a,দুঃআলু,414,200,14930,129.8330581,দুঃআলু,d̪ualu,5,8,3,6,6,আলু,NA,NA,6.766666667,45.61129162,1.659072371,45.155,1.654705847,0.1824596413,-0.7388331831,768,NA,8.238965105,0.9158726635,0.1806343301,-0.7431997073,0.03413864134,0.05637983166,0.05636529331,0.1258840485,0.08607509855,47.07907685
S49,277,দুর্শিয়াল,SemViol,S49,9,a,দুর্শিয়াল,438,200,17359,127.9469488,দুর্শিয়াল,d̪urʃiʲal,8,10,4,9,9,শিয়াল,NA,NA,6.666666667,45.319482,1.656284937,46.226,1.664886315,0.1873207322,-0.7274141532,928,NA,8.659088168,0.9374721617,0.1910676774,-0.7188127755,0.05462182614,0.05444595147,0.01520293966,-0.004959440228,-0.0387329658,50.13416923
G51,219,প্রতিলক্ষণ,Gramm,G51,10,a,প্রতিলক্ষণ,536,158,20411,129.4520121,প্রতিলক্ষণ,prot̪ilɔkkʰon,11,14,5,10,10,লক্ষণ,NA,NA,2.533333333,44.84658486,1.651729376,44.398,1.647363407,0.1989488759,-0.7012585103,1921,NA,8.832932194,0.9461048966,0.1969588592,-0.7056244798,0.07510501094,-0.06669385931,-0.0261739014,-0.05993652759,-0.03801090086,58.55230293
G52,220,প্রতিহিংসা,Gramm,G52,10,a,প্রতিহিংসা,544,158,21067,126.7234049,প্রতিহিংসা,prot̪ihiŋʃa,10,12,4,10,10,হিংসা,NA,NA,1.666666667,44.70171484,1.650324184,48.278,1.68374927,0.1854461112,-0.7317822695,607,NA,8.952967355,0.9519670009,0.2002824139,-0.6983571828,0.06827728267,-0.006446267283,-0.07477685931,-0.0219424678,0.08770483063,62.47924682
C48,48,প্রতিঝাল,CatViol,C48,8,a,প্রতিঝাল,483,158,18478,126.9313226,প্রতিঝাল,prot̪iɟʱal,8,10,4,8,8,ঝাল,Adj/N,NA,NA,43.98460823,1.643300728,37.387,1.572720618,0.2606685033,-0.5839114417,862,NA,9.745613333,0.9888091763,0.2215687197,-0.6544915518,0.05462182614,-0.005157013827,0.01509569595,0.02375709032,0.0329868,53.60339861
F27,103,লাঠিসোঁটা,Filler,F27,9,a,লাঠিসোঁটা,548,160,22401,120.8933471,লাঠিসোঁটা,latʰiʃõta,8,11,4,9,9,লাঠি,NA,NA,NA,43.58518088,1.639338853,41.842,1.621612435,0.2413725467,-0.6173121273,438,NA,10.0995101,1.004300308,0.2317188984,-0.6350385448,0.05462182614,0.05444595147,0.01520293966,-0.0289379075,0.0914844125,65.18596028
C49,49,প্রতিনীরব,CatViol,C49,9,a,প্রতিনীরব,554,158,23172,123.1003771,প্রতিনীরব,prot̪inirbo,10,11,5,9,9,নীরব,Adj,NA,NA,43.58311131,1.63931823,44.455,1.647920615,0.2315611256,-0.635334348,198,NA,10.29404984,1.012586267,0.2361935514,-0.6267319638,0.06827728267,-0.06604923258,0.01876237623,-0.05903230945,-0.008740691857,66.22461237
S50,278,দুর্ঘোড়া,SemViol,S50,9,a,দুর্ঘোড়া,405,200,15807,128.0664946,দুর্ঘোড়া,d̪urgʱoɽa,7,10,3,9,9,ঘোড়া,NA,NA,6.766666667,43.08330974,1.634309059,44.807,1.651345867,0.2405732234,-0.6187527128,696,NA,10.77936442,1.032593154,0.2501981506,-0.6017159048,0.04779409787,0.1146935435,-0.03340001825,0.04271681405,0.0384985894,47.94380807
F28,104,ঘড়িতে,Filler,F28,6,a,ঘড়িতে,391,169,15471,126.3368057,ঘড়িতে,gʱoɽit̪e,6,9,3,6,6,ঘড়ি,NA,NA,NA,42.13648067,1.62465826,44.243,1.645844568,0.2512880998,-0.5998280777,576,NA,11.1177394,1.04601649,0.2638506877,-0.5786417696,0.0409663696,-0.00386776037,0.01132177196,0.1236714042,0.06651099041,45.61641349
C50,50,দুঃক্লান্ত,CatViol,C50,10,a,দুঃক্লান্ত,364,200,14599,120.814777,দুঃক্লান্ত,d̪usklant̪o,9,12,3,10,10,ক্লান্ত,Adj,NA,NA,41.81052312,1.621285601,41.392,1.616916411,0.2693213227,-0.5697292612,457,NA,11.14774819,1.04718715,0.2666254177,-0.5740984512,0.06144955441,0.05380132474,-0.1233798172,0.005241225105,-0.01270662559,47.07254518
C51,51,প্রতিসরু,CatViol,C51,8,a,প্রতিসরু,456,200,17666,128.1110102,প্রতিসরু,prot̪iʃɔru,9,10,4,8,8,সরু,Adj,NA,NA,41.39660877,1.616964765,39.741,1.599238791,0.2816817279,-0.5502413238,803,NA,11.19431355,1.048997467,0.2704161979,-0.5679672977,0.06144955441,-0.06540460585,-0.02994782539,0.03744013714,0.009724216735,52.30775995
G53,221,দুঃস্বভাব,Gramm,G53,9,a,দুঃস্বভাব,477,200,17589,124.6881888,দুঃস্বভাব,d̪uʃʃobʱab,8,11,4,9,9,স্বভাব,NA,NA,1.833333333,40.61534543,1.608690151,41.021,1.613006243,0.2767770308,-0.557869954,1208,NA,11.35367058,1.055136289,0.2795414014,-0.5535538619,0.05462182614,0.05444595147,0.01520293966,-0.01603747856,0.007257218708,53.04158571
F29,105,কাঁধের,Filler,F29,6,a,কাঁধের,377,160,14392,126.734371,কাঁধের,kãd̪ʱer,5,9,3,6,6,কাঁধ,NA,NA,NA,40.31318796,1.605447143,37.894,1.578570451,0.3005177207,-0.5221299137,128,NA,11.38781851,1.056440537,0.2824837004,-0.5490066064,0.03413864134,0.05637983166,0.05636529331,0.1153501723,0.04099127289,42.05886119
S51,279,প্রতিছুরি,SemViol,S51,9,a,প্রতিছুরি,464,200,20325,123.5818814,প্রতিছুরি,prot̪icʰuri,9,12,4,9,9,ছুরি,NA,NA,6.5,39.69128165,1.598695123,41.279,1.615729168,0.2810384069,-0.551234325,291,NA,11.6009844,1.064494843,0.2922804182,-0.5342002799,0.06144955441,-0.005801640555,-0.02984058168,-0.01012559017,0.000242100906,62.01913802
F30,106,লবণের,Filler,F30,5,a,লবণের,401,160,13894,123.4374993,লবণের,lɔboner,7,8,4,5,5,লবণ,NA,NA,NA,36.52897603,1.562637498,37.625,1.575476509,0.3098719577,-0.508817724,489,NA,11.65893241,1.066658785,0.3191694287,-0.4959787138,0.04779409787,-0.1237183177,0.05981748617,0.09871456851,-0.02093549433,39.39571931
G54,222,প্রতিসর্গ,Gramm,G54,9,a,প্রতিসর্গ,443,158,16429,126.7256909,প্রতিসর্গ,prot̪iʃɔrgo,10,12,4,9,9,সর্গ,NA,NA,2.6,36.42446266,1.561393154,38.246,1.582586021,0.3068968292,-0.5130075986,1385,NA,11.73757613,1.069578422,0.322244318,-0.4918147316,0.06827728267,-0.06604923258,-0.07488410302,0.01023441896,-0.01536672577,48.98163146
C52,52,দুঃসমগ্র,CatViol,C52,8,a,দুঃসমগ্র,418,200,15207,125.7002216,দুঃসমগ্র,d̪uʃomɔgro,9,10,4,8,8,সমগ্র,Adj,NA,NA,34.50183051,1.537842137,36.227,1.559032371,0.3247434391,-0.4884596143,459,NA,11.76448057,1.070572757,0.3409813449,-0.4672693806,0.06144955441,-0.06540460585,-0.02994782539,0.02924474732,-0.03639707976,45.76644161
G55,223,প্রতিফলন,Gramm,G55,8,a,প্রতিফলন,535,158,20205,122.4016653,প্রতিফলন,prot̪ipʰolon,10,13,6,8,8,ফলন,NA,NA,3.033333333,31.81966553,1.50269561,33.729,1.528003465,0.3562493264,-0.4482459482,267,NA,12.01593353,1.079757517,0.3776260162,-0.4229380931,0.06827728267,-0.1256521979,0.1123016118,-0.08618104323,-0.1392664888,57.13170844
S52,280,প্রতিলেবু,SemViol,S52,9,a,প্রতিলেবু,494,200,18971,127.2070961,প্রতিলেবু,prot̪ilebu,9,11,4,9,9,লেবু,NA,NA,6.666666667,31.3240031,1.495877258,27.565,1.440357997,0.4376019917,-0.3589207101,404,NA,12.0624989,1.081437287,0.3850880381,-0.4144399715,0.06144955441,-0.005801640555,-0.02984058168,0.002198197838,0.03705758389,56.04719543
C53,53,দুর্ঠাণ্ডা,CatViol,C53,10,a,দুর্ঠাণ্ডা,354,200,13829,123.9380388,দুর্ঠাণ্ডা,d̪urtʰanda,8,10,3,10,10,ঠাণ্ডা,Adj/Adb/N,NA,NA,31.19775922,1.494123402,34.318,1.53552197,0.3552610038,-0.4494524614,143,NA,12.19184713,1.086069509,0.3907923977,-0.4080538934,0.05462182614,0.1140489168,-0.07833629588,0.006185901224,-0.03279161092,44.13161549
G56,224,প্রতিধ্বনি,Gramm,G56,10,a,প্রতিধ্বনি,523,158,21730,125.4885934,প্রতিধ্বনি,prot̪id̪ʱd̪ʱoni,10,8,4,10,10,ধ্বনি,NA,NA,2.733333333,30.85110596,1.489270737,32.085,1.506302044,0.381598455,-0.4183933923,1770,NA,12.24358643,1.087908651,0.3968605354,-0.401362086,0.06827728267,-0.006446267283,-0.07477685931,-0.02614016543,0.06223960915,61.85055562
S53,281,প্রতিবরফ,SemViol,S53,8,a,প্রতিবরফ,536,158,20394,126.773632,প্রতিবরফ,prot̪ibɔropʰ,10,13,5,8,8,বরফ,NA,NA,6.633333333,30.70934029,1.487270487,26.41,1.421768401,0.4738230042,-0.3243838581,481,NA,12.51366554,1.097384543,0.4074872798,-0.3898859437,0.06827728267,-0.1256521979,0.01865513252,-0.01437609492,-0.01144770786,58.13830024
S54,282,দুর্জলপাই,SemViol,S54,9,a,দুর্জলপাই,489,200,18888,122.2833182,দুর্জলপাই,d̪urɟɔlpa͡i̯,9,13,5,9,9,জলপাই,NA,NA,6.766666667,30.1081297,1.478683778,29.807,1.474318268,0.4348898786,-0.3616206998,198,NA,12.96276261,1.112697568,0.4305402806,-0.3659862105,0.06144955441,-0.005801640555,0.06380589757,-0.07148261295,-0.09568598472,57.04546429
F31,107,বারান্দায়,Filler,F31,9,a,বারান্দায়,524,166,17914,131.341986,বারান্দায়,barand̪aʲ,8,10,4,9,9,বারান্দা,NA,NA,NA,29.94773789,1.476364023,28.151,1.449493827,0.4606563365,-0.3366229505,168,NA,12.96793653,1.112870876,0.4330189004,-0.3634931472,0.05462182614,0.05444595147,0.01520293966,0.006581867583,0.06516335617,52.2619736
S55,283,প্রতিগাড়ী,SemViol,S55,10,a,প্রতিগাড়ী,522,169,21431,126.5006069,প্রতিগাড়ী,prot̪igaɽi,9,11,4,10,10,গাড়ী,NA,NA,6.833333333,29.22442257,1.465745939,31.27,1.495127881,0.4234117435,-0.3732371008,771,NA,13.24008522,1.12189078,0.4530486509,-0.3438551585,0.06144955441,0.05380132474,-0.02973333797,-0.03237260256,0.05244889937,64.54772431
C54,54,দুর্মেধাবী,CatViol,C54,10,a,দুর্মেধাবী,477,200,20188,129.9871112,দুর্মেধাবী,d̪urmed̪ʱabi,9,12,4,10,10,মেধাবী,Adj,NA,NA,28.21550634,1.450487848,30.191,1.479877498,0.4583548558,-0.3387981634,88,NA,13.83819145,1.141079335,0.490446327,-0.3094085136,0.06144955441,0.05380132474,-0.02973333797,-0.02052035561,-0.0006808793312,58.66056433
C55,55,দুঃসংক্ষিপ্ত,CatViol,C55,12,a,দুঃসংক্ষিপ্ত,543,200,21317,129.1193793,দুঃসংক্ষিপ্ত,d̪uʃʃoŋkkʰipt̪o,12,15,4,12,12,সংক্ষিপ্ত,Adj,NA,NA,26.878563,1.429406046,27.685,1.442244528,0.5069460275,-0.2950382758,188,NA,14.03480077,1.147206252,0.5221559192,-0.2821997944,0.08193273921,-0.00773552074,-0.1646494146,-0.05879018764,0.06870582434,64.22021328
S56,284,দুর্পনির,SemViol,S56,8,a,দুর্পনির,398,200,16279,120.2559097,দুর্পনির,d̪urponir,8,10,4,8,8,পনির,NA,NA,6.7,26.82164978,1.428485487,25.212,1.401607298,0.5575744114,-0.2536971654,363,NA,14.05756606,1.147910133,0.5241126543,-0.2805753544,0.05462182614,-0.005157013827,0.01509569595,0.001064262382,-0.07048018785,48.88523469
S57,285,প্রতিমুর্গি,SemViol,S57,11,a,প্রতিমুর্গি,481,200,20348,123.4402505,প্রতিমুর্গি,prot̪imurgi,10,12,4,11,11,মুরগি,NA,NA,6.6,26.7316234,1.427025334,24.593,1.39081151,0.5850308116,-0.2328212605,208,NA,14.38766275,1.157990249,0.5382262998,-0.2690350848,0.06827728267,0.05315669802,-0.0746696156,-0.0652725496,-0.006602385802,61.42095315
C56,56,দুর্পুরাতন,CatViol,C56,10,a,দুর্পুরাতন,507,200,20340,127.722798,দুর্পুরাতন,d̪urpurat̪ɔn,10,12,5,10,10,পুরাতন,Adj,NA,NA,26.7026494,1.426554354,29.373,1.467948305,0.4948286637,-0.3055451511,178,NA,14.53460234,1.162403154,0.5443131175,-0.2641511994,0.06827728267,-0.006446267283,0.01886961994,-0.07548767013,-0.08201205755,61.84889414
C57,57,প্রতিবোকা,CatViol,C57,9,a,প্রতিবোকা,562,160,21412,123.4544798,প্রতিবোকা,prot̪iboka,9,10,4,9,9,বোকা,Adj/N,NA,NA,26.64884053,1.425678318,26.649,1.425680917,0.5480882048,-0.2611495441,533,NA,14.60600257,1.164531373,0.5480914846,-0.2611469452,0.06144955441,-0.005801640555,-0.02984058168,-0.01055868736,0.1176981739,61.62379497
C58,58,দুর্নগ্ন,CatViol,C58,8,a,দুর্নগ্ন,258,200,10650,128.1492857,দুর্নগ্ন,d̪urnogɔno,9,10,3,8,8,নগ্ন,Adj,NA,NA,26.2194044,1.418622822,24.122,1.382413313,0.6167876316,-0.2098643437,569,NA,14.87815125,1.172548969,0.5674481015,-0.2460738526,0.06144955441,-0.06540460585,-0.1235943046,0.09451285686,-0.1020420146,36.20863458
S58,286,প্রতিছাগল,SemViol,S58,9,a,প্রতিছাগল,556,158,20524,124.036079,প্রতিছাগল,prot̪icʰagɔl,10,12,5,9,9,ছাগল,NA,NA,6.7,25.63785474,1.408881683,23.843,1.377360899,0.6318603993,-0.1993788624,368,NA,15.0654475,1.177982036,0.5876251212,-0.2308996462,0.06827728267,-0.06604923258,0.01876237623,-0.05585142424,-0.006123524662,61.07877635
S59,287,দুঃরসুন,SemViol,S59,7,a,দুঃরসুন,418,200,16232,126.6071071,দুঃরসুন,d̪urʃun,6,8,4,7,7,রসুন,NA,NA,6.7,23.84457082,1.37738951,21.222,1.32678631,0.7143347946,-0.1460981953,498,NA,15.15961301,1.180688115,0.6357679123,-0.196701395,0.0409663696,0.05573520493,0.1050754949,0.03547856504,-0.04466177712,48.96478881
S60,288,প্রতিহাঁস,SemViol,S60,9,a,প্রতিহাঁস,448,158,17745,130.2858313,প্রতিহাঁস,prot̪ihãʃ,8,11,4,9,9,হাঁস,NA,NA,6.733333333,22.25513973,1.347430325,19.139,1.281919242,0.8052719975,-0.09405740279,630,NA,15.41210076,1.18786184,0.6925187146,-0.1595684857,0.05462182614,0.05444595147,0.01520293966,0.002991507368,-0.02619595358,52.6060004
C59,59,দুঃশুকনো,CatViol,C59,8,a,দুঃশুকনো,516,200,19467,130.033354,দুঃশুকনো,d̪uʃukno,7,8,4,8,8,শুকনো,Adj,NA,NA,21.98506061,1.342127667,20.446,1.310608356,0.7608302847,-0.1187122087,76,NA,15.555936,1.191896148,0.7075684837,-0.1502315195,0.04779409787,0.0550905782,0.0601392173,0.02462959446,0.06444679589,56.85301659
G57,225,দুশমন,Gramm,G57,5,a,দুশমন,360,200,13225,123.8198404,দুশমন,d̪uʃɔmon,7,9,4,5,5,শমন,NA,NA,2.4,21.73671201,1.337193851,22.824,1.358391759,0.7065414919,-0.150862329,560,NA,16.12610301,1.20752943,0.7418832711,-0.1296644218,0.04779409787,-0.1237183177,0.05981748617,0.1000143234,-0.06999809449,36.48279845
C60,60,দুঃসস্তা,CatViol,C60,8,a,দুঃসস্তা,368,200,13668,124.0702271,দুঃসস্তা,d̪uʃɔst̪a,7,9,3,8,8,সস্তা,Adj,NA,NA,21.63840735,1.335225292,19.258,1.284611182,0.8805727931,-0.05523473698,153,NA,16.95807085,1.229376445,0.7837023574,-0.1058488469,0.04779409787,0.0550905782,-0.03350726196,0.06130076087,0.01121458642,41.3297028
S61,289,প্রতিদড়ি,SemViol,S61,9,a,প্রতিদড়ি,471,169,18870,124.6476507,প্রতিদড়ি,prot̪id̪oɽi,8,9,4,9,9,দড়ি,NA,NA,6.433333333,21.17896242,1.32590468,21.179,1.32590545,0.8598216044,-0.06559164673,385,NA,18.21016176,1.260313804,0.8598231301,-0.06559087611,0.05462182614,0.05444595147,0.01520293966,-0.01617528638,0.0000547,56.90349158
C61,61,প্রতিনোংরা,CatViol,C61,10,a,প্রতিনোংরা,602,160,22651,118.9756482,প্রতিনোংরা,prot̪inoŋra,10,11,4,10,10,নোংরা,Adj,NA,NA,21.0558229,1.323372219,22.319,1.348674732,0.8238785308,-0.08413681412,120,NA,18.38814493,1.264537918,0.8733045019,-0.05883430103,0.06827728267,-0.006446267283,-0.07477685931,-0.04828069022,0.1554198876,66.77429724
C62,62,দুঃউদ্বিগ্ন,CatViol,C62,11,a,দুঃউদ্বিগ্ন,456,200,18727,124.6518002,দুঃউদ্বিগ্ন,d̪uud̪bigho,9,11,4,11,11,উদ্বিগ্ন,Adj,NA,NA,20.88094409,1.319750131,22.76,1.357172258,0.8091880022,-0.09195056512,69,NA,18.41711893,1.265221693,0.8820060458,-0.05452843793,0.06144955441,0.11340429,-0.02962609426,-0.07082667054,-0.04511836036,62.25728045
S62,290,দুর্গুদাম,SemViol,S62,9,a,দুর্গুদাম,389,200,15448,124.7350674,দুর্গুদাম,d̪urgud̪am,8,11,4,9,9,গুদাম,NA,NA,6.033333333,20.71123921,1.316206085,20.504,1.311838593,0.8989777956,-0.04625103506,244,NA,18.43264072,1.265587558,0.889982513,-0.05061852658,0.05462182614,0.05444595147,0.01520293966,-0.01587811643,-0.09822938003,48.00391346
C63,63,প্রতিতাজা,CatViol,C63,9,a,প্রতিতাজা,538,158,20745,124.3841963,প্রতিতাজা,prot̪it̪aɟa,9,11,4,9,9,তাজা,Adj,NA,NA,20.43598617,1.3103956,18.392,1.264628958,1.003672529,0.001592037384,516,NA,18.45954515,1.266220996,0.903286242,-0.04417460446,0.06144955441,-0.005801640555,-0.02984058168,-0.007398149298,0.08914419294,62.05272091
S63,291,দুঃহরিণ,SemViol,S63,7,a,দুঃহরিণ,431,200,16346,120.7118029,দুঃহরিণ,d̪uhorin,7,9,4,7,7,হরিণ,NA,NA,6.566666667,20.09036768,1.302987885,17.68,1.247482261,1.050530068,0.02140848713,651,NA,18.5733716,1.268890748,0.924491373,-0.03409713717,0.04779409787,-0.004512387098,0.06003197359,0.02511042971,-0.02163054152,49.81000789
S64,292,প্রতিহীরা,SemViol,S64,9,a,প্রতিহীরা,486,158,20759,127.8900248,প্রতিহীরা,prot̪ihira,9,11,4,9,9,হীরা,NA,NA,6.633333333,19.81614943,1.297019269,20.014,1.301333895,0.9372221185,-0.02815747057,482,NA,18.75756348,1.273176425,0.9465796343,-0.02384284365,0.06144955441,-0.005801640555,-0.02984058168,0.004519789583,0.02762709308,60.22515908
F32,108,পুতুলের,Filler,F32,7,a,পুতুলের,426,200,17306,126.5757597,পুতুলের,put̪uler,7,9,4,7,7,পুতুল,NA,NA,NA,19.25529549,1.284550188,17.715,1.248341157,1.10090936,0.04175156408,345,NA,19.50260931,1.290092721,1.012843938,0.0055425331,0.04779409787,-0.004512387098,0.06003197359,0.04504474159,-0.026249171,51.92280626
S65,293,প্রতিচাবি,SemViol,S65,9,a,প্রতিচাবি,492,158,19754,125.5309854,প্রতিচাবি,prot̪icabi,9,11,4,9,9,চাবি,NA,NA,6.733333333,19.1445734,1.282045693,16.656,1.221570712,1.181405387,0.0723989467,377,NA,19.67748812,1.293969659,1.027836333,0.0119239655,0.06144955441,-0.005801640555,-0.02984058168,-0.003499680675,0.03426673348,58.00725992
S66,294,দুর্জানালা,SemViol,S66,10,a,দুর্জানালা,495,200,18715,130.274594,দুর্জানালা,d̪urɟanala,9,11,4,10,10,জানলা,NA,NA,6.6,19.09697325,1.28096454,18.906,1.276599654,1.050658499,0.02146157792,112,NA,19.86374958,1.298061231,1.04015172,0.01709669172,0.06144955441,0.05380132474,-0.02973333797,-0.01954306809,0.02096561126,55.70029172
S67,295,দুর্তামাক,SemViol,S67,9,a,দুর্তামাক,475,200,18306,127.3990242,দুর্তামাক,d̪urt̪amak,8,11,4,9,9,তামাক,NA,NA,6.133333333,18.73790255,1.272720976,20.612,1.314120134,0.9729858801,-0.01189346215,241,NA,20.05518496,1.302226672,1.07030042,0.02950569565,0.05462182614,0.05444595147,0.01520293966,-0.006822090353,0.00549544696,53.30234083
C64,64,প্রতিভিজা,CatViol,C64,9,a,প্রতিভিজা,537,158,21985,128.2494756,প্রতিভিজা,prot̪ibʱiɟa,9,11,4,9,9,ভিজা,V/Adj,NA,NA,18.62925003,1.270195372,16.58,1.219584526,1.297289452,0.1130368869,518,NA,21.50905911,1.332621413,1.154585347,0.0624260415,0.06144955441,-0.005801640555,-0.02984058168,0.005741729751,0.08885206401,65.63613116
S68,296,দুর্বি়ড়াল,SemViol,S68,11,a,দুর্বি়ড়াল,455,200,18453,126.8779783,দুর্বি়ড়াল,d̪urbiɽal,8,9,4,11,11,বিড়াল,NA,NA,6.8,18.4781713,1.266658989,16.446,1.216060286,1.358699143,0.1331233014,453,NA,22.3451661,1.349183587,1.209273674,0.08252459841,0.05462182614,0.1736518821,0.01541742708,-0.07293159845,-0.0546242545,54.83853345
C65,65,দুর্ধারালো,CatViol,C65,10,a,দুর্ধারালো,518,200,19752,127.5196711,দুর্ধারালো,d̪urd̪ʱaralo,9,12,4,10,10,ধারালো,Adj/Multimorph,NA,NA,18.45126686,1.26602619,16.975,1.229809783,1.331780084,0.1244325159,11,NA,22.60696692,1.354242299,1.225225731,0.08821610874,0.06144955441,0.05380132474,-0.02973333797,-0.02890833018,0.04789260361,58.69801014
F33,109,আয়নায়,Filler,F33,7,a,আয়নায়,466,166,16907,127.97906,আয়নায়,aʲnaʲ,5,6,4,7,7,আয়না,NA,NA,NA,18.36641442,1.26402438,17.999,1.255248377,1.261186602,0.1007793485,224,NA,22.70009765,1.356027725,1.235956956,0.0920033459,0.03413864134,0.115982797,0.1501190163,0.03046972905,0.004374926021,47.38749237
F34,110,খুরের,Filler,F34,5,a,খুরের,318,200,12731,132.6272585,খুরের,kʰurer,5,6,3,5,5,খুর,NA,NA,NA,17.96181315,1.254350174,18.141,1.258661223,1.2570187,0.09934173857,1046,NA,22.80357624,1.358002962,1.269558705,0.1036527876,0.03413864134,-0.003223133642,0.0562580496,0.1675519487,-0.01034735612,37.40751716
S69,297,দুর্চিংড়ি,SemViol,S69,10,a,দুর্চিংড়ি,411,200,17330,124.9531572,দুর্চিংড়ি,d̪urciŋɽi,8,10,3,10,10,চিংড়ি,NA,NA,6.766666667,16.75628761,1.224177806,15.583,1.192651071,1.476311332,0.1691779532,166,NA,23.00535948,1.361829024,1.372938924,0.1376512178,0.05462182614,0.1140489168,-0.07833629588,0.00963676,0.03578018272,53.83430185
C66,66,দুর্পাতলা,CatViol,C66,9,a,দুর্পাতলা,456,200,16878,125.1060226,দুর্পাতলা,d̪urpat̪ɔla,9,11,4,9,9,পাতলা,Adj,NA,NA,16.22544246,1.210196549,14.765,1.169233451,1.56910402,0.1956517351,329,NA,23.16782086,1.364885186,1.427869897,0.1546886378,0.06144955441,-0.005801640555,-0.02984058168,-0.004944326549,-0.008991060418,51.58371623
S70,298,প্রতিমোরগ,SemViol,S70,9,a,প্রতিমোরগ,595,160,22690,122.7984008,প্রতিমোরগ,prot̪imorɔg,10,12,5,9,9,মোরগ,NA,NA,6.366666667,15.96260685,1.203103817,15.963,1.203114514,1.472801791,0.1681443036,432,NA,23.51033499,1.371258817,1.472838065,0.1681549999,0.06827728267,-0.06604923258,0.01876237623,-0.06005886711,0.04034076008,65.81615938
F35,111,উদ্ভিদের,Filler,F35,8,a,উদ্ভিদের,463,160,18559,125.518632,উদ্ভিদের,ud̪bʱid̪er,7,11,4,8,8,উদ্ভিদ,NA,NA,NA,15.59318829,1.192934923,14.502,1.161427901,1.649007136,0.2172225349,332,NA,23.91390148,1.378650436,1.533612051,0.1857155126,0.04779409787,0.0550905782,0.0601392173,0.009281958124,-0.0001505806156,56.09608878
S71,299,দুর্কম্বল,SemViol,S71,9,a,দুর্কম্বল,380,200,15121,131.1193421,দুর্কম্বল,d̪urkombol,9,11,4,9,9,কম্বল,NA,NA,6.533333333,15.36657018,1.186576944,16.75,1.224014811,1.435356115,0.1569596639,210,NA,24.04221493,1.380974475,1.564579125,0.1943975315,0.06144955441,-0.005801640555,-0.02984058168,0.01549773851,-0.09869203088,43.43910559
C67,67,দুর্তরল,CatViol,C67,7,a,দুর্তরল,377,200,14827,122.0664355,দুর্তরল,d̪urt̪ɔrɔl,8,10,4,7,7,তরল,Adj,NA,NA,15.16582172,1.180865946,13.346,1.125351121,1.838516602,0.2644675559,338,NA,24.53684257,1.389818676,1.61790393,0.2089527301,0.05462182614,-0.06475997913,0.01498845224,0.03938819581,-0.07722066704,44.41359525
S72,300,দুঃইঁদুর,SemViol,S72,8,a,দুঃইঁদুর,390,200,16183,122.2534035,দুঃইঁদুর,d̪uĩd̪ur,6,10,4,8,8,ইঁদুর,NA,NA,6.633333333,14.65256793,1.165913743,14.36,1.15715444,1.725555882,0.2369290285,171,NA,24.77898247,1.394083468,1.691101696,0.228169725,0.0409663696,0.1153381702,0.1051827386,-0.01149081056,-0.09726084936,50.87954502
S73,301,প্রতিমাছি,SemViol,S73,9,a,প্রতিমাছি,503,158,20398,127.4484916,প্রতিমাছি,prot̪imacʰi,9,12,4,9,9,মাছি,NA,NA,6.266666667,14.46527169,1.160326595,13.163,1.119354881,1.890883883,0.2766648601,320,NA,24.88970455,1.396019741,1.720652407,0.2356931463,0.06144955441,-0.005801640555,-0.02984058168,0.003018813226,0.04790373664,59.60186079
C68,68,প্রতিখাড়া,CatViol,C68,10,a,প্রতিখাড়া,523,169,19636,131.9564258,প্রতিখাড়া,prot̪ikʰaɽa,9,11,4,10,10,খাড়া,Adj,NA,NA,14.0472182,1.147590329,13.766,1.138807765,1.846693629,0.2663948508,344,NA,25.42158449,1.405202616,1.809723757,0.2576122875,0.06144955441,0.05380132474,-0.02973333797,-0.0138257409,0.0549275478,59.28219754
S74,302,দুর্চুড়ি,SemViol,S74,9,a,দুর্চুড়ি,314,200,14537,122.3040476,দুর্চুড়ি,d̪urcuɽi,7,9,3,9,9,চুড়ি,NA,NA,5.966666667,13.83301752,1.140916927,15.078,1.178343739,1.753673124,0.2439486462,308,NA,26.44188336,1.422292385,1.911505087,0.2813754582,0.04779409787,0.1146935435,-0.03340001825,0.02312758111,-0.07194725509,45.47825098
C69,69,প্রতিরুক্ষ,CatViol,C69,10,a,প্রতিরুক্ষ,454,200,19438,125.7599064,প্রতিরুক্ষ,prot̪irukkʰo,10,12,4,10,10,রুক্ষ,Adj,NA,NA,13.51637305,1.13086017,14.057,1.147892645,1.899745249,0.2786953672,782,NA,26.70471897,1.426588012,1.975731128,0.2957278422,0.06827728267,-0.006446267283,-0.07477685931,-0.02521784656,-0.02041645242,56.8157619
S75,303,দুর্ভেড়া,SemViol,S75,9,a,দুর্ভেড়া,383,200,15303,128.4392692,দুর্ভেড়া,d̪urbʱeɽa,7,10,3,9,9,ভেড়া,NA,NA,6.6,13.25457222,1.122365716,12.724,1.10462366,2.234337238,0.3491487237,220,NA,28.42970702,1.453772384,2.144898119,0.3314066683,0.04779409787,0.1146935435,-0.03340001825,0.043984048,0.01221163507,47.06146793
S76,304,প্রতিবানর,SemViol,S76,9,a,প্রতিবানর,556,158,21265,129.4845775,প্রতিবানর,prot̪ibanɔr,10,11,5,9,9,বানর,NA,NA,6.766666667,12.74235321,1.105249639,11.213,1.049721822,2.597992673,0.4146379219,585,NA,29.13129184,1.464359744,2.286178335,0.3591101048,0.06827728267,-0.06604923258,0.01876237623,-0.03732944801,-0.004845429739,60.93735205
F36,112,তিমিগুলি,Filler,F36,8,a,তিমিগুলি,502,200,22089,123.6089705,তিমিগুলি,t̪imiguli,8,10,4,8,8,তিমি,NA,NA,6.2,12.69682264,1.103695053,12.316,1.09046968,2.424134618,0.3845567335,733,NA,29.85564195,1.475026414,2.351426242,0.3713313607,0.05462182614,-0.005157013827,0.01509569595,0.01246287292,0.05498534101,66.04497628
F37,113,বাঁশির,Filler,F37,6,a,বাঁশির,357,158,14050,123.0733856,বাঁশির,bãʃir,5,7,3,6,6,বাঁশি,NA,NA,NA,12.58506576,1.099855489,11.201,1.049256797,2.676899866,0.427632126,188,NA,29.9839554,1.476888923,2.382502879,0.377033434,0.03413864134,0.05637983166,0.05636529331,0.1029047831,0.01615576201,40.64987729
F38,114,মুকুটের,Filler,F38,7,a,মুকুটের,417,200,18324,126.0607927,মুকুটের,mukuter,7,8,4,7,7,মুকুট,NA,NA,NA,12.41018695,1.093778324,13.651,1.135164467,2.221101809,0.3465684659,371,NA,30.3202608,1.481732933,2.443175185,0.3879546087,0.04779409787,-0.004512387098,0.06003197359,0.04329412965,-0.03715949746,53.17903843
F39,115,খাঁচায়,Filler,F39,6,a,খাঁচায়,348,166,12550,122.3148514,খাঁচায়,kʰãcaʲ,5,8,3,6,6,খাঁচা,NA,NA,NA,12.38535209,1.092908357,11.271,1.05196245,2.707281143,0.4325333582,140,NA,30.51376576,1.484495808,2.463697886,0.3915874508,0.03413864134,0.05637983166,0.05636529331,0.1003261731,0.005188300187,37.23683175
G58,226,দুর্বচন,Gramm,G58,7,a,দুর্বচন,349,200,13438,124.9035866,দুর্বচন,d̪urbocɔn,8,10,4,7,7,বচন,NA,NA,2.066666667,12.20219499,1.086437961,12.812,1.10761693,2.386016563,0.377673454,1198,NA,30.5696442,1.485290384,2.505257802,0.3988524233,0.05462182614,-0.06475997913,0.01498845224,0.04903298973,-0.1101225521,39.32641305
F40,116,বড়িগুলো,Filler,F40,8,a,বড়িগুলো,504,200,19747,130.7978833,বড়িগুলো,boɽigulo,8,9,4,8,8,বড়ি,NA,NA,6.5,12.0624989,1.081437287,10.977,1.040483664,2.821174889,0.4504300096,620,NA,30.96803676,1.490913674,2.567298618,0.4094763871,0.05462182614,-0.005157013827,0.01509569595,0.03690132545,0.05906937052,59.50513379
F41,117,কোলবালিশ,Filler,F41,8,a,কোলবালিশ,624,158,22718,127.00733,কোলবালিশ,kolbaliʃ,8,9,5,8,8,বালিশ,NA,NA,6.666666667,11.60512354,1.064649768,10.793,1.033142177,2.956325612,0.4707522659,190,NA,31.90762233,1.503894443,2.749442711,0.4392446749,0.05462182614,-0.005157013827,0.1087421752,-0.03292712875,0.07644616977,62.57718726
F42,118,জলকামান,Filler,F42,7,a,জলকামান,575,158,20538,126.695523,জলকামান,ɟɔlkaman,8,9,5,7,7,কামান,NA,NA,NA,11.58442783,1.063874588,12.627,1.10130018,2.535950644,0.4041407968,484,NA,32.02144878,1.505440977,2.764180437,0.441566389,0.05462182614,-0.06475997913,0.1086349315,-0.001817989941,0.03564042243,56.71813185
F43,119,মটরশুঁটি,Filler,F43,8,a,মটরশুঁটি,477,200,21101,122.1405932,মটরশুঁটি,mɔtrʃũti,8,10,5,8,8,মটর,NA,NA,6.633333333,11.39816637,1.056834992,10.03,1.001300933,3.349900023,0.5250318458,335,NA,33.59949723,1.526332779,2.947798456,0.4694977871,0.05462182614,-0.005157013827,0.1087421752,-0.04947142683,-0.1009243947,62.62421928
F44,120,সাবানের,Filler,F44,7,a,সাবানের,488,160,17444,131.3295637,সাবানের,ʃabaner,7,8,4,7,7,সাবান,NA,NA,NA,10.60655518,1.025574356,9.97,0.9986951583,3.40233858,0.5317775297,181,NA,33.92131564,1.530472688,3.198146341,0.5048983323,0.04779409787,-0.004512387098,0.06003197359,0.06120512865,0.04919381555,48.53144345
C70,70,দুর্মসৃণ,CatViol,C70,8,a,দুর্মসৃণ,352,200,13848,129.8686003,দুর্মসৃণ,d̪urmoʃɔrin,10,11,4,8,8,মসৃণ,Adj,NA,NA,10.43271115,1.018397183,10.328,1.014016229,3.557527297,0.5511482411,80,NA,36.74214192,1.56516447,3.521821068,0.5467672871,0.06827728267,-0.1256521979,-0.07499134673,0.05308774289,-0.1057131996,40.90484314
F45,121,সারসগুলি,Filler,F45,8,a,সারসগুলি,539,200,20685,125.7668181,সারসগুলি,ʃarosguli,9,10,5,8,8,সারস,NA,NA,5.866666667,10.32302385,1.013806931,8.775,0.9432471251,4.208954679,0.6241742494,794,NA,36.93357731,1.567421375,3.577786688,0.5536144438,0.06144955441,-0.06540460585,0.06369865386,-0.02747146377,-0.0169166438,60.3694734
F46,122,থালাবাসন,Filler,F46,8,a,থালাবাসন,580,158,20016,124.5762978,থালাবাসন,t̪ʰalabaʃon,9,12,5,8,8,থালা,NA,NA,NA,9.70111754,0.9868217666,9.119,0.9599472157,4.139937814,0.6169938177,376,NA,37.75209293,1.576941033,3.89152,0.5901192668,0.06144955441,-0.06540460585,0.06369865386,-0.03151859504,0.03195637574,55.55094326
F47,123,খড়িমাটি,Filler,F47,7,a,খড়িমাটি,493,194,20136,126.3155133,খড়িমাটি,kʰoɽimati,8,10,4,7,7,খড়ি,NA,NA,6,9.650413033,0.9845459013,8.299,0.9190257646,4.648494041,0.6673122786,386,NA,38.57785205,1.586338043,3.997533776,0.6017921419,0.05462182614,-0.06475997913,0.01498845224,0.05383278416,0.06284108294,60.00721157
C71,71,দুর্মিঠা,CatViol,C71,8,a,দুর্মিঠা,342,200,15156,124.4121979,দুর্মিঠা,d̪urmitʰa,7,9,3,8,8,মিঠা,Adj/N,NA,NA,9.351359916,0.9708747725,8.977,0.9531312252,4.382249578,0.6416971079,321,NA,39.33945446,1.594828333,4.206816422,0.6239535606,0.04779409787,0.0550905782,-0.03350726196,0.0624632784,-0.01987493903,44.92181347
F48,124,প্রজাপতি,Filler,F48,8,a,প্রজাপতি,481,158,18102,130.7959042,প্রজাপতি,proɟapot̪i,9,11,4,8,8,প্রজাপতি,NA,NA,NA,9.151646243,0.9614992241,8.694,0.9392196359,4.634517166,0.6660044951,317,NA,40.29249224,1.605224131,4.402758932,0.6437249068,0.06144955441,-0.06540460585,-0.02994782539,0.04656733849,0.04032494013,54.53085143
F49,125,মাখনের,Filler,F49,6,a,মাখনের,449,160,16234,120.6762097,মাখনের,makʰoner,7,9,4,6,6,মাখন,NA,NA,6.466666667,9.122672238,0.9601220717,9.305,0.9687163775,4.351327411,0.6386217626,171,NA,40.48910156,1.60733814,4.438294011,0.6472160683,0.04779409787,-0.0641153524,0.05992472988,0.05715854747,0.01795053752,45.36104111
C72,72,প্রতিঅলস,CatViol,C72,8,a,প্রতিঅলস,543,158,20358,127.4959345,প্রতিঅলস,prot̪i͡ɔ̯lɔʃ,9,12,5,8,8,অলস,NA,NA,NA,9.035750225,0.9559642172,8.945,0.9515803449,4.76198162,0.6777877148,189,NA,42.59592559,1.62936806,4.714154833,0.6734038425,0.06144955441,-0.06540460585,0.06369865386,-0.02159339427,-0.01171568682,58.71483725
F50,126,ঝর্ণাধারা,Filler,F50,9,a,ঝর্ণাধারা,499,158,17925,126.5972158,ঝর্ণাধারা,ɟʱɔrnad̪ʱara,9,12,4,9,9,ঝর্ণা,NA,NA,NA,7.98440778,0.9022427092,7.425,0.870696458,5.866992,0.768415496,347,NA,43.5624156,1.639111954,5.455935719,0.7368692449,0.06144955441,-0.005801640555,-0.02984058168,0.0001249315213,0.04290870128,52.31114634
F51,127,কচ্ছপের,Filler,F51,7,a,কচ্ছপের,462,160,16415,124.6081806,কচ্ছপের,kɔccʰoper,8,10,4,7,7,কচ্ছপ,NA,NA,6.6,7.939911988,0.8998156884,8.019,0.9041202135,5.509954097,0.7411479808,179,NA,44.1843219,1.645268194,5.564837742,0.7454525058,0.05462182614,-0.06475997913,0.01498845224,0.04802876757,0.02527665552,46.06832072
F52,128,পান্নাগুলো,Filler,F52,10,a,পান্নাগুলো,528,200,19544,121.6072846,পান্নাগুলো,pannagulo,9,10,4,10,10,পান্না,NA,NA,6.233333333,7.87161612,0.8960639064,8.265,0.9172428579,5.405300715,0.7328198602,219,NA,44.67481041,1.650062718,5.675430525,0.7539988117,0.06144955441,0.05380132474,-0.02973333797,-0.04900727711,0.05849405413,59.83149481
F53,129,বোতামের,Filler,F53,7,a,বোতামের,532,160,19755,120.4414327,বোতামের,bot̪amer,7,9,4,7,7,বোতাম,NA,NA,6.833333333,7.799181109,0.8920490054,6.941,0.8414220444,6.442924792,0.8090830619,80,NA,44.72034098,1.650505106,5.733979036,0.7584561008,0.04779409787,-0.004512387098,0.06003197359,0.02419131586,0.09938850317,55.68418566
F54,130,রুমালগুলি,Filler,F54,9,a,রুমালগুলি,539,200,22141,124.8055189,রুমালগুলি,rumalguli,9,10,5,9,9,রুমাল,NA,NA,6.666666667,7.39561462,0.8689742723,7.913,0.8983411657,5.848312109,0.7670305417,157,NA,46.27769372,1.665371707,6.257450678,0.7963974351,0.06144955441,-0.005801640555,0.06380589757,-0.06290848167,-0.03515251772,65.5210496
F55,131,ঝুড়িতে,Filler,F55,7,a,ঝুড়িতে,408,200,17349,121.4806427,ঝুড়িতে,ɟʱuɽit̪e,6,9,4,7,7,ঝুড়ি,NA,NA,6.566666667,7.379058046,0.8680009267,7.748,0.889189612,6.168782213,0.7901994379,162,NA,47.79572459,1.67938905,6.477212172,0.8113881233,0.0409663696,0.05573520493,0.1050754949,0.01805133225,-0.05785269322,52.36081325
F56,132,গাজরগুলো,Filler,F56,8,a,গাজরগুলো,595,200,21839,123.3567892,গাজরগুলো,gaɟrgulo,8,9,5,8,8,গাজর,NA,NA,6.666666667,7.124500722,0.8527544348,7.338,0.8655777074,6.588193119,0.8187663211,59,NA,48.34416111,1.684344029,6.785620915,0.8315895937,0.05462182614,-0.005157013827,0.1087421752,-0.04533701193,0.04082358217,65.2294082
F57,133,আনারসটা,Filler,F57,7,a,আনারসটা,586,158,21714,126.4449766,আনারসটা,anarʃta,7,8,5,7,7,আনারস,NA,NA,6.6,7.05723964,0.8486348649,7.34,0.8656960599,6.595420627,0.8192424981,47,NA,48.4103874,1.684938558,6.859677419,0.8363036932,0.04779409787,-0.004512387098,0.1536784528,-0.0123424544,0.03993958029,61.8258651
G59,227,দুর্দৈব,Gramm,G59,7,a,দুর্দৈব,301,200,12074,123.3231778,দুর্দৈব,d̪urd̪ibo,7,10,4,7,7,দৈব,NA,NA,1.833333333,6.967213269,0.8430591047,6.619,0.8207923811,7.353092408,0.8664700239,1214,NA,48.67011865,1.687262405,6.985593346,0.8442033003,0.04779409787,-0.004512387098,0.06003197359,0.03398770549,-0.1768666923,36.77043359
C73,73,দুর্ধলা,CatViol,C73,7,a,দুর্ধলা,309,200,11892,127.3838742,দুর্ধলা,d̪urd̪ʱola,7,10,3,7,7,ধলা,NA,NA,NA,6.910300046,0.8394969049,6.012,0.7790189719,8.226995186,0.9152412432,367,NA,49.46069506,1.694260215,7.157532196,0.8547633102,0.04779409787,-0.004512387098,-0.03361450567,0.1047345015,-0.04072907424,36.30768163
G60,228,প্রতিক্রোশ,Gramm,G60,10,a,প্রতিক্রোশ,544,160,20211,130.1937517,প্রতিক্রোশ,prot̪ikroʃ,9,11,4,10,10,ক্রোশ,NA,NA,2.333333333,6.309089455,0.7999666852,5.489,0.7394932308,9.368120658,0.9716524756,306,NA,51.42161429,1.711145706,8.150401838,0.9111790212,0.06144955441,0.05380132474,-0.02973333797,-0.01981788861,0.07968962673,58.18947093
F58,134,কাঁকড়াগুলি,Filler,F58,11,a,কাঁকড়াগুলি,634,200,24922,123.5058464,কাঁকড়াগুলি,kãkɽaguli,9,11,5,11,11,কাঁকড়া,NA,NA,6.7,5.788592162,0.7625729522,6.31,0.8000293592,8.733199171,0.9411733649,136,NA,55.10648677,1.741202724,9.519842688,0.9786297719,0.06144955441,0.11340429,0.06402038499,-0.1316649031,0.04241130838,74.45976395
F59,135,চিতাবাঘ,Filler,F59,7,a,চিতাবাঘ,494,158,18588,128.7756413,চিতাবাঘ,cit̪abagʱ,7,10,4,7,7,চিতাবাঘ,NA,NA,NA,5.778244303,0.7617958998,6.125,0.787106093,9.579667468,0.981350434,194,NA,58.67546324,1.768456527,10.15454871,1.006660627,0.04779409787,-0.004512387098,0.06003197359,0.05252316059,0.0557877408,53.64929215
F60,136,ষাঁড়গুলো,Filler,F60,9,a,ষাঁড়গুলো,506,200,19417,127.3738054,ষাঁড়গুলো,ʃãɽgulo,7,9,4,9,9,ষাঁড়,NA,NA,6.766666667,5.70891365,0.7565534741,5.423,0.7342396044,11.01551789,1.04200492,111,NA,59.73715354,1.776244525,10.46383904,1.019691051,0.04779409787,0.1146935435,0.06024646101,-0.01658056168,0.03382418783,58.5690523
F61,137,শসাগুলো,Filler,F61,7,a,শসাগুলো,488,200,17494,125.4076135,শসাগুলো,ʃɔʃagulo,8,9,4,7,7,শসা,NA,NA,6.4,5.652000427,0.752202186,5.709,0.756560043,10.52403875,1.022182439,284,NA,60.08173724,1.778742482,10.6301721,1.026540296,0.05462182614,-0.06475997913,0.01498845224,0.05074641119,0.05663392856,50.42147797
F62,138,বালতিগুলো,Filler,F62,9,a,বালতিগুলো,634,200,24333,125.0704762,বালতিগুলো,balt̪igulo,9,11,5,9,9,বালতি,NA,NA,NA,5.491608617,0.7396995778,5.327,0.7264826968,11.61652522,1.06507624,69,NA,61.88122987,1.791558937,11.26832485,1.051859359,0.06144955441,-0.005801640555,0.06380589757,-0.06200776878,0.07879908487,72.05774224
F63,139,হাতুড়িটা,Filler,F63,9,a,হাতুড়িটা,494,200,20619,120.5837118,হাতুড়িটা,hat̪uɽita,8,10,4,9,9,হাতুড়ি,NA,NA,6.866666667,5.448147611,0.7362488658,5.557,0.7448403968,11.39996239,1.056903419,59,NA,63.34959102,1.801743815,11.62773029,1.06549495,0.05462182614,0.05444595147,0.01520293966,-0.02999050165,0.02667461822,62.27678737
F64,140,গোড়ালির,Filler,F64,8,a,গোড়ালির,532,169,19940,126.6304817,গোড়ালির,goɽalir,7,8,4,8,8,গোড়ালি,NA,NA,6.466666667,5.247399152,0.7199441008,5.667,0.7533532126,11.98485453,1.078632767,43,NA,67.91817064,1.83198598,12.94320647,1.112041879,0.04779409787,0.0550905782,0.0601392173,0.0130616515,0.08282993974,59.17480467
F65,141,কাঁথাগুলো,Filler,F65,9,a,কাঁথাগুলো,547,200,20839,123.1211808,কাঁথাগুলো,kãt̪ʰagulo,8,12,4,9,9,কাঁথা,NA,NA,6.7,5.111842203,0.7085774392,4.703,0.6723749787,14.93057615,1.174076567,154,NA,70.21849963,1.846451546,13.73643725,1.137874106,0.05462182614,0.05444595147,0.01520293966,-0.02136446634,0.09080817575,62.84227637
F66,142,পেঁচাগুলি,Filler,F66,9,a,পেঁচাগুলি,463,200,18540,125.0153454,পেঁচাগুলি,pẽcaguli,8,10,4,9,9,পেঁচা,NA,NA,6.666666667,4.55098826,0.6581057152,4.323,0.6357852355,16.63748016,1.221087551,165,NA,71.92382675,1.856872786,15.80400182,1.198767071,0.05462182614,0.05444595147,0.01520293966,-0.01492532137,-0.009449746088,57.71679756
F67,143,ঝিনুকের,Filler,F67,7,a,ঝিনুকের,483,200,20113,127.0336733,ঝিনুকের,ɟʱinuker,7,9,4,7,7,ঝিনুক,NA,NA,6.333333333,4.513735969,0.6545361514,3.927,0.5940609013,18.33312763,1.263236562,86,NA,71.99419219,1.857297463,15.95002293,1.202761312,0.04779409787,-0.004512387098,0.06003197359,0.04660140254,0.04219191495,57.1421615
F68,144,কনুইটি,Filler,F68,6,a,কনুইটি,398,200,17893,123.6560184,কনুইটি,konu͡i̯ti,7,10,4,6,6,কনুই,NA,NA,6.566666667,4.448544459,0.6482179353,3.87,0.587710965,18.70957027,1.272063813,56,NA,72.40603696,1.859774778,16.27634334,1.211556842,0.04779409787,-0.0641153524,0.05992472988,0.06728830081,-0.04249111841,52.97619791
F69,145,মাকড়সাটা,Filler,F69,9,a,মাকড়সাটা,606,169,22076,123.8845623,মাকড়সাটা,makoɽʃata,9,10,5,9,9,মাকড়সা,NA,NA,6.433333333,4.350239801,0.6385131975,4.046,0.6070258784,18.24379153,1.261115101,60,NA,73.81438053,1.868140979,16.96788773,1.229627782,0.06144955441,-0.005801640555,0.06380589757,-0.06603924077,0.04495347948,62.23172034
F70,146,ঝাড়ুগুলি,Filler,F70,9,a,ঝাড়ুগুলি,483,200,20144,127.1093697,ঝাড়ুগুলি,ɟʱaɽuguli,8,10,4,9,9,ঝাড়ু,NA,NA,6.666666667,4.281943934,0.6316409765,4.71,0.6730209071,16.4054205,1.214987367,147,NA,77.26953056,1.888008274,18.04543258,1.256367297,0.05462182614,0.05444595147,0.01520293966,-0.00780676049,0.01501819103,61.92821406
F71,147,চোয়ালের,Filler,F71,7,a,চোয়ালের,503,166,18447,125.2152642,চোয়ালের,coʷaler,7,8,5,7,7,চোয়াল,NA,NA,6,4.188813206,0.6220909941,4.021,0.6043340731,19.2327088,1.284040456,64,NA,77.33472207,1.888374529,18.46220356,1.266283535,0.04779409787,-0.004512387098,0.1536784528,-0.01652281783,-0.05985229636,51.90264876
F72,148,দারুচিনির,Filler,F72,9,a,দারুচিনির,556,200,23129,127.9916419,দারুচিনির,d̪arucinir,9,11,5,9,9,দারুচিনি,NA,NA,NA,4.153630486,0.6184278583,3.946,0.5961570809,19.85367549,1.297840919,34,NA,78.3426035,1.893998,18.86123567,1.275570142,0.06144955441,-0.005801640555,0.06380589757,-0.05207737023,-0.0140249078,67.72466748
F73,149,পেরেকটি,Filler,F73,7,a,পেরেকটি,481,160,19124,127.0086774,পেরেকটি,perekti,7,8,4,7,7,পেরেক,NA,NA,NA,4.070847616,0.6096848457,3.867,0.5873741721,21.45675466,1.331564035,54,NA,82.97327028,1.918938208,20.38230809,1.309253362,0.04779409787,-0.004512387098,0.06003197359,0.04651642987,0.03978837885,56.28026425
F74,150,বাছুরের,Filler,F74,7,a,বাছুরের,449,200,17536,128.5279879,বাছুরের,bacʰurer,7,9,4,7,7,বাছুর,NA,NA,NA,3.963229886,0.5980492642,3.844,0.584783379,22.5009396,1.352200654,105,NA,86.49361181,1.936984033,21.82402089,1.338934769,0.04779409787,-0.004512387098,0.06003197359,0.05168127169,0.001782012883,51.91494646
F75,151,মৌচাকের,Filler,F75,7,a,মৌচাকের,522,160,20233,123.7964231,মৌচাকের,mo͡u̯caker,8,11,4,7,7,মৌচাক,NA,NA,6.533333333,3.720055206,0.5705493849,3.571,0.5527898502,24.4793072,1.388799123,34,NA,87.41560602,1.941588973,23.4984701,1.371039588,0.05462182614,-0.06475997913,0.01498845224,0.04526922692,0.0970164142,56.17722084
F76,152,কৃমিগুলো,Filler,F76,8,a,কৃমিগুলো,506,200,20734,121.5935797,কৃমিগুলো,krimigulo,9,10,4,8,8,কৃমি,NA,NA,5.666666667,3.685907272,0.5665444053,3.907,0.5918434112,23.14164716,1.364394268,190,NA,90.41441547,1.956237679,24.52975856,1.389693274,0.06144955441,-0.06540460585,-0.02994782539,0.01528436473,0.06813719003,60.36878866
F77,153,আঙ্গুরগুলি,Filler,F77,10,a,আঙ্গুরগুলি,559,200,23500,131.5713047,আঙ্গুরগুলি,aŋgurguli,9,10,5,10,10,আঙ্গুর,NA,NA,6.533333333,3.040200889,0.4829022817,3.071,0.4872798164,29.89928019,1.475660733,58,NA,91.82068947,1.96294055,30.20217835,1.480038268,0.06144955441,0.05380132474,0.06391314128,-0.07207754986,-0.02759906547,71.17669272
F78,154,পিঁপড়াটা,Filler,F78,9,a,পিঁপড়াটা,494,169,19033,125.4661217,পিঁপড়াটা,pĩpɽata,7,9,4,9,9,পিঁপড়া,NA,NA,6.7,2.935687516,0.467709826,3.082,0.4888326344,29.83755703,1.474763262,81,NA,91.95935078,1.963595897,31.3246387,1.495886071,0.04779409787,0.1146935435,0.06024646101,-0.02306566434,0.0189906525,59.36147404
F79,155,গেলাসগুলো,Filler,F79,9,a,গেলাসগুলো,605,200,21859,125.2979232,গেলাসগুলো,gelaʃgulo,9,10,5,9,9,গেলাস,NA,NA,6.733333333,2.897400439,0.4620085216,2.579,0.4114513421,42.64369027,1.62985478,59,NA,109.9780772,2.041306122,37.95750001,1.579297601,0.06144955441,-0.005801640555,0.06380589757,-0.06123457082,0.04408618578,64.70845794
F80,156,খরগোশগুলো,Filler,F80,9,a,খরগোশগুলো,709,200,25309,128.0909304,খরগোশগুলো,kʰɔrgoʃgulo,10,12,6,9,9,খরগোশ,NA,NA,6.8,2.82186107,0.4505356281,3.076,0.4879863311,36.88392643,1.566837147,52,NA,113.4549577,2.054823478,40.20572058,1.60428785,0.06827728267,-0.06604923258,0.1124088555,-0.09900970512,0.05265522795,73.68605662
F81,157,কলিজার,Filler,F81,6,a,কলিজার,483,158,18449,126.4122172,কলিজার,kɔliɟar,7,8,4,6,6,কলিজা,NA,NA,5.3,2.694582408,0.4304914701,2.425,0.3847117429,47.6065508,1.677666717,52,NA,115.4458857,2.06237846,42.843702,1.63188699,0.04779409787,-0.0641153524,0.05992472988,0.07665790028,0.06005651016,52.73825698
F82,158,শূকরছানা,Filler,F82,8,a,শূকরছানা,559,199,20575,124.0627814,শূকরছানা,ʃukorcʰana,9,11,5,8,8,শূকর,NA,NA,6.5,2.367590073,0.3743065104,2.155,0.3334472745,54.35290817,1.735222786,111,NA,117.1305171,2.068670061,49.47246503,1.69436355,0.06144955441,-0.06540460585,0.06369865386,-0.03326427572,0.006660353835,58.29562108
F83,159,গঙ্গাফড়িং,Filler,F83,10,a,গঙ্গাফড়িং,540,169,19657,125.3750881,গঙ্গাফড়িং,gɔŋgapʰɽiŋ,9,11,4,10,10,ফড়িং,NA,NA,6.533333333,2.335511711,0.3683820493,2.242,0.3506356083,52.99839072,1.724262683,111,NA,118.822392,2.074898291,50.87638458,1.706516242,0.06144955441,0.05380132474,-0.02973333797,-0.03619876356,0.07376393163,57.78256353
F84,160,চড়ুইদের,Filler,F84,8,a,চড়ুইদের,478,200,18953,124.7352725,চড়ুইদের,coɽu͡i̯d̪er,8,12,5,8,8,চড়ুই,NA,NA,6.5,1.964023583,0.2931466983,1.807,0.2569581526,65.86437836,1.818650597,78,NA,119.0169317,2.07560875,60.59852475,1.782462052,0.05462182614,-0.005157013827,0.1087421752,-0.04065090714,-0.09911690516,56.12088971
C74,74,প্রতিভোঁতা,CatViol,C74,10,a,প্রতিভোঁতা,579,160,23213,126.7026851,প্রতিভোঁতা,prot̪ibʱõt̪a,9,13,4,10,10,ভোঁতা,NA,NA,NA,1.759135981,0.2452994117,1.882,0.2746196191,66.91633629,1.825532155,20,NA,125.9365449,2.100151774,71.59000001,1.854852362,0.06144955441,0.05380132474,-0.02973333797,-0.03168564493,0.1208299721,70.10031679
F85,161,কুঠারগুলো,Filler,F85,9,a,কুঠারগুলো,593,200,23830,120.0232191,কুঠারগুলো,kutʰargulo,9,11,5,9,9,কুঠার,NA,NA,6.4,1.520100444,0.1818722859,1.292,0.1112625137,101.0886482,2.004702389,112,NA,130.6065335,2.115964903,85.91967328,1.934092617,0.06144955441,-0.005801640555,0.06380589757,-0.07916573919,0.02846282337,70.39531255
F86,162,থুতনির,Filler,F86,6,a,থুতনির,425,200,17746,128.43955,থুতনির,t̪ʰut̪nir,6,10,4,6,6,থুতনি,NA,NA,NA,1.475604652,0.1689700157,1.623,0.2103185198,83.1061207,1.91963301,17,NA,134.8812339,2.12995153,91.40743336,1.960981515,0.0409663696,-0.00386776037,0.1049682512,0.07387700487,-0.01782969835,51.85824172
F87,163,আখরোটগুলো,Filler,F87,9,a,আখরোটগুলো,754,200,28700,126.2956675,আখরোটগুলো,akʰorotgulo,10,12,6,9,9,আখরোট,NA,NA,6.833333333,1.194142895,0.07705629898,1.015,0.006466042249,133.7402117,2.126262006,15,NA,135.7463149,2.132728049,113.6767764,2.05567175,0.06827728267,-0.06604923258,0.1124088555,-0.1051126373,0.1061817338,85.2943322
F88,164,হাঙ্গরগুলো,Filler,F88,10,a,হাঙ্গরগুলো,565,200,21428,130.230834,হাঙ্গরগুলো,haŋgorgulo,10,11,5,10,10,হাঙ্গর,NA,NA,6.433333333,1.136194886,0.05545283019,1.079,0.03302144468,133.2888596,2.124793852,55,NA,143.8186795,2.157815297,126.579235,2.102362467,0.06827728267,-0.006446267283,0.01886961994,-0.06696169125,-0.01189122279,62.81386556
F89,165,দস্তানাগুলি,Filler,F89,11,a,দস্তানাগুলি,569,200,22226,126.2543284,দস্তানাগুলি,d̪ost̪anaguli,11,14,5,11,11,দস্তানা,NA,NA,5.766666667,1.081351235,0.03396678058,0.962,-0.01682492796,166.2025307,2.220637632,34,NA,159.8868345,2.203812704,147.8583732,2.169845924,0.07510501094,-0.007090894012,-0.02606665769,-0.1029760548,-0.0172097819,65.75034622
F90,166,নাশপাতিটা,Filler,F90,9,a,নাশপাতিটা,624,158,23229,122.4042334,নাশপাতিটা,naʃpat̪ita,9,11,5,9,9,নাশপাতি,NA,NA,6.733333333,0.5494712975,-0.2600549887,0.473,-0.3251388593,396.52207,2.598267365,15,NA,187.5549391,2.273128505,341.3370998,2.533183494,0.06144955441,-0.005801640555,0.06380589757,-0.07107156604,0.0661852813,66.90724413
C75,75,দুর্স্পষ্ঠ,CatViol,C75,10,a,দুর্স্পষ্ঠ,339,200,13382,126.5781338,দুর্স্পষ্ঠ,d̪urspɔʃtʰo,9,11,3,10,10,স্পষ্ঠ,NA,NA,NA,0.1407308784,-0.8516106016,0.138,-0.8601209136,1485.532598,3.171882186,12,NA,205.0034985,2.311761273,1456.705883,3.163371874,0.06144955441,0.05380132474,-0.1233798172,0.02483355088,-0.0413255798,38.12382902
F92,168,পোষাকগুলি,Filler,F92,10,a,পোষাকগুলি,624,200,23652,123.1841398,পোষাকগুলি,pe͡a̯ʃakguli,10,13,5,10,10,পোষাক,NA,NA,6.233333333,0.1407308784,-0.8516106016,0.139,-0.8569851997,1911.390949,3.281349525,0,NA,265.6833419,2.424364325,1887.882353,3.275974927,0.06827728267,-0.006446267283,0.01886961994,-0.09091667672,0.05718712398,68.72821707
F91,167,শুঁয়াপোকা,Filler,F91,10,a,শুঁয়াপোকা,547,200,20537,128.7547633,শুঁয়াপোকা,ʃũʷapoka,8,10,4,10,10,শুঁয়াপোকা,NA,NA,NA,0.09106115664,-1.040666838,0.082,-1.086186148,4464.066248,3.649730631,7,NA,366.0534323,2.563544483,4019.863637,3.604211321,0.05462182614,0.1140489168,0.01531018337,-0.03438241924,0.0741193124,59.90735582
C76,76,প্রতিবিষাল,CatViol,C76,10,a,প্রতিবিষাল,594,158,23317,126.4210735,প্রতিবিষাল,prot̪ibiʃal,10,11,5,10,10,বিষাল,NA,NA,NA,0.006208715226,-2.206998259,0.006,-2.22184875,77779.1626,4.890863263,2,NA,466.6749756,2.669014513,75164.5,4.876012773,0.06827728267,-0.006446267283,0.01886961994,-0.07991283612,0.02198134631,66.40359297
